Date,Strategy_Drawdown,SPY_Drawdown
2020-02-04,0.0,0.0
2020-02-05,0.0,0.0
2020-02-06,0.0,0.0
2020-02-07,-0.00031568439331552955,-0.005329741243982333
2020-02-10,0.0,0.0
2020-02-11,0.0,0.0
2020-02-12,0.0,0.0
2020-02-13,-0.006422433489053803,-0.001066976872798886
2020-02-14,-0.0014976781049663712,0.0
2020-02-18,-0.0037970056417306886,-0.002577144191089009
2020-02-19,0.0,0.0
2020-02-20,-0.012415101759170044,-0.004108155334324626
2020-02-21,-0.02778878667693252,-0.014363985543335733
2020-02-24,-0.07199166722751427,-0.047053050208857194
2020-02-25,-0.10285418669533064,-0.075929366140146
2020-02-26,-0.10316238018939439,-0.07932836797575304
2020-02-27,-0.1462932858510816,-0.12067719865713855
2020-02-28,-0.14360479509925017,-0.12437180449116725
2020-03-02,-0.09919263844819015,-0.08645148669564862
2020-03-03,-0.12817065501515612,-0.11260844323978825
2020-03-04,-0.08165788435996824,-0.07530884449137265
2020-03-05,-0.10755298308186412,-0.10604712016564088
2020-03-06,-0.12142422927953922,-0.12082505000593191
2020-03-09,-0.17527371654835922,-0.18948379152446604
2020-03-10,-0.1354715114577315,-0.14754360479749018
2020-03-11,-0.1739618014663874,-0.18909950632651795
2020-03-12,-0.24239021437621566,-0.26668435355698983
2020-03-13,-0.16575071160441002,-0.2039961712620013
2020-03-16,-0.2699479064109874,-0.29109764130710103
2020-03-17,-0.2254649596335183,-0.2528224013151469
2020-03-18,-0.25991848036727505,-0.2906543340086333
2020-03-19,-0.26167009073447156,-0.2891468523158478
2020-03-20,-0.28976830859613745,-0.31978055622506507
2020-03-23,-0.3142122924064087,-0.337172582793301
2020-03-24,-0.2536724063652802,-0.27711828640878966
2020-03-25,-0.2501354279692455,-0.2662965645386931
2020-03-26,-0.1999539984921186,-0.22345579728297016
2020-03-27,-0.2288428402251671,-0.2465856010946924
2020-03-30,-0.19105178408395895,-0.22211797945438727
2020-03-31,-0.1958121742196146,-0.2337126144836289
2020-04-01,-0.23254541554493557,-0.26819938573587854
2020-04-02,-0.2103332325014834,-0.2513126495415723
2020-04-03,-0.22318989566487413,-0.2621343220620863
2020-04-06,-0.1727297223400518,-0.21257470786527743
2020-04-07,-0.1805312287454912,-0.21177193820879592
2020-04-08,-0.14952908822703181,-0.1853124193751201
2020-04-09,-0.14334456633270332,-0.17291506403897938
2020-04-13,-0.1453159140778978,-0.18046638908513601
2020-04-14,-0.11546683667508939,-0.15629595062988855
2020-04-15,-0.1221182192396546,-0.1742231734189731
2020-04-16,-0.11025654055661416,-0.17023928033306668
2020-04-17,-0.09831991138457508,-0.14782302213289333
2020-04-20,-0.1125373930537803,-0.16283634948110925
2020-04-21,-0.14469367144629164,-0.188255628467919
2020-04-22,-0.12313405202238181,-0.17023928033306668
2020-04-23,-0.1172808846475839,-0.17029869723024527
2020-04-24,-0.10435519105812452,-0.15873381999917524
2020-04-27,-0.09066848152553542,-0.14660408744824993
2020-04-28,-0.10676757077572141,-0.1505284649378129
2020-04-29,-0.08615484203310353,-0.1282906548275049
2020-04-30,-0.08892176877996916,-0.13640668714476978
2020-05-01,-0.10570523022516187,-0.15926867077294704
2020-05-04,-0.09874745813819241,-0.15695002999467644
2020-05-05,-0.08488714265043107,-0.1491608893110583
2020-05-06,-0.08519244659173086,-0.15492847370229867
2020-05-07,-0.0814547601113097,-0.1447309746996538
2020-05-08,-0.07049517469939814,-0.1305799819538449
2020-05-11,-0.05654641981406516,-0.1304015338639798
2020-05-12,-0.07010545141334434,-0.1477337980879605
2020-05-13,-0.08593982369258502,-0.16280664103251985
2020-05-14,-0.070961991708548,-0.1527876888189048
2020-05-15,-0.06089619474789465,-0.1488933158754252
2020-05-18,-0.04314618509177914,-0.12296909196176253
2020-05-19,-0.04872451813797363,-0.13197687123252977
2020-05-20,-0.033054887503805364,-0.11723121601911157
2020-05-21,-0.03840266612482823,-0.12332569204399868
2020-05-22,-0.03434020432445717,-0.12166063713469244
2020-05-26,-0.03101501199192125,-0.11083906331334292
2020-05-27,-0.024772504491791247,-0.09760932857129612
2020-05-28,-0.028687287827011465,-0.09927408738310817
2020-05-29,-0.018564228951180373,-0.09526048584861257
2020-06-01,-0.014448669031103978,-0.0916036817946827
2020-06-02,-0.007886984898348826,-0.08408231194502724
2020-06-03,-0.000764534235398906,-0.071892965098594
2020-06-04,-0.003945454340372745,-0.07433083446788069
2020-06-05,0.0,-0.05060641753813122
2020-06-08,0.0,-0.03913056695366457
2020-06-09,0.0,-0.04629553411941334
2020-06-10,0.0,-0.051617195684320105
2020-06-11,-0.06094688789094571,-0.10629061100507564
2020-06-12,-0.046841906969133484,-0.09558777227891857
2020-06-15,-0.036091519704264496,-0.08714435483218319
2020-06-16,-0.021013964002691288,-0.06957412692199394
2020-06-17,-0.022819696334198225,-0.07343879141688414
2020-06-18,-0.024335259770779216,-0.07308219133464788
2020-06-19,-0.027109121093546018,-0.07837937550669716
2020-06-22,-0.014872959851249146,-0.07246680204244138
2020-06-23,-0.005676491663263783,-0.06819687877709413
2020-06-24,-0.032119428365290026,-0.09196590772930968
2020-06-25,-0.01234011391243428,-0.082231702605994
2020-06-26,-0.05477948034875213,-0.10402970923818311
2020-06-29,-0.04185914774500321,-0.09086116797828026
2020-06-30,-0.02379791342595272,-0.07921555483044618
2020-07-01,-0.017587474505491918,-0.07276586051162937
2020-07-02,-0.015425993782833824,-0.06765956052420374
2020-07-06,0.0,-0.053266458727267096
2020-07-07,-0.010609538474710356,-0.06303096449416068
2020-07-08,0.0,-0.055864418141775896
2020-07-09,-0.0034452063386850584,-0.061239179857317416
2020-07-10,0.0,-0.05165401047277185
2020-07-13,-0.007558403893578203,-0.05986587967900758
2020-07-14,0.0,-0.04768255348162387
2020-07-15,0.0,-0.03893346472166226
2020-07-16,-0.0075130198899664435,-0.04209864823598031
2020-07-17,-0.010247982828708868,-0.039321451138288444
2020-07-20,0.0,-0.031557873538340275
2020-07-21,-0.0033407778405866173,-0.029497429775051542
2020-07-22,0.0,-0.02397323752408087
2020-07-23,-0.0183265727953289,-0.03561894937107979
2020-07-24,-0.024109296300450556,-0.04182989041037011
2020-07-27,-0.017826059538136763,-0.03484258174116839
2020-07-28,-0.024121382243413758,-0.040964002638031904
2020-07-29,-0.006820208687481344,-0.029168761556438993
2020-07-30,-0.010866832123140546,-0.032632904840780075
2020-07-31,0.0,-0.024988654531012622
2020-08-03,0.0,-0.01820989719692445
2020-08-04,-0.002155673459044549,-0.014417875287289106
2020-08-05,0.0,-0.00829665178875505
2020-08-06,0.0,-0.0016673249900960307
2020-08-07,0.0,-0.00095047295652817
2020-08-10,-6.823517894793962e-05,0.0
2020-08-11,-0.009747508127835536,-0.008254682134899882
2020-08-12,0.0,0.0
2020-08-13,-0.0007681202993822245,-0.0018079151164410723
2020-08-14,0.0,-0.0017781374605165823
2020-08-17,0.0,0.0
2020-08-18,-0.0008272164032852025,0.0
2020-08-19,-0.003284720619920134,-0.004163664477630835
2020-08-20,0.0,-0.0010632190246809836
2020-08-21,0.0,0.0
2020-08-24,0.0,0.0
2020-08-25,0.0,0.0
2020-08-26,0.0,0.0
2020-08-27,0.0,0.0
2020-08-28,0.0,0.0
2020-08-31,-0.0009573790803921733,-0.0036225769426367904
2020-09-01,0.0,0.0
2020-09-02,0.0,0.0
2020-09-03,-0.04332821509199225,-0.03441423248515263
2020-09-04,-0.05093819897351848,-0.042298118813555496
2020-09-08,-0.08680918393040948,-0.06846531405115919
2020-09-09,-0.06691525008908339,-0.05006991810253736
2020-09-10,-0.08536277011286919,-0.06656436221689144
2020-09-11,-0.08642114734136319,-0.06608875463906838
2020-09-14,-0.07254507244258135,-0.05378791819993245
2020-09-15,-0.0690557932304946,-0.049007447550797
2020-09-16,-0.07975832948600337,-0.05278162977512324
2020-09-17,-0.09130655460869752,-0.061112570593813254
2020-09-18,-0.10122366182924081,-0.07192162371521538
2020-09-21,-0.1072504134720359,-0.08225072623253504
2020-09-22,-0.10021003391234173,-0.0729040716980045
2020-09-23,-0.12368289480525019,-0.09440436180291822
2020-09-24,-0.11485244050561161,-0.0919906556555864
2020-09-25,-0.10025869189278547,-0.07731076487438027
2020-09-28,-0.08700688167385184,-0.06198542646716032
2020-09-29,-0.08832710871542482,-0.06709393420610965
2020-09-30,-0.0776191769509994,-0.06002090012083827
2020-10-01,-0.07370160941994719,-0.053986034121217386
2020-10-02,-0.08836837171076861,-0.06296796685476358
2020-10-05,-0.06951739805136992,-0.04635127117144522
2020-10-06,-0.08539155897475503,-0.05990853586697564
2020-10-07,-0.07293149209025274,-0.04354484456447716
2020-10-08,-0.06802876871081931,-0.035068088949244514
2020-10-09,-0.05960508336607773,-0.026451062826311267
2020-10-12,-0.03571977239935298,-0.010789093681572326
2020-10-13,-0.03864542794354775,-0.017244586394667194
2020-10-14,-0.04759956838397472,-0.023419722901988904
2020-10-15,-0.0525081535124019,-0.024626714582875908
2020-10-16,-0.04680705775837435,-0.025215980081958467
2020-10-19,-0.0650906329868779,-0.0400361413708652
2020-10-20,-0.05891807475478861,-0.03619080743973435
2020-10-21,-0.05852495154366766,-0.038015063278355576
2020-10-22,-0.0537588553412669,-0.032738471182681805
2020-10-23,-0.044769461689212475,-0.029454404091981745
2020-10-26,-0.0646004862031413,-0.04738999368597985
2020-10-27,-0.06513259204135768,-0.05067415318149393
2020-10-28,-0.10735859231290312,-0.08312099477108958
2020-10-29,-0.09170938936597073,-0.0738023388952107
2020-10-30,-0.09904509916338533,-0.08345771791342249
2020-11-02,-0.09265252920825484,-0.07318470511822017
2020-11-03,-0.07581824531493775,-0.05682101381572169
2020-11-04,-0.04476732917078263,-0.03574162763872424
2020-11-05,-0.02438744228081058,-0.01693586191098595
2020-11-06,-0.022262106899558654,-0.017160590418712096
2020-11-09,-0.007261222057844852,-0.004810594618510966
2020-11-10,-0.01742007483125607,-0.006270221060961645
2020-11-11,-0.006407802508808791,0.0
2020-11-12,-0.01480106218803423,-0.009700682482338019
2020-11-13,-0.006232326695257084,0.0
2020-11-16,0.0,0.0
2020-11-17,-0.004208206964404493,-0.005378456410068622
2020-11-18,-0.015573005819428554,-0.017348459307501618
2020-11-19,-0.012976389364687146,-0.013211331823084538
2020-11-20,-0.02336931198585057,-0.01996886099467743
2020-11-23,-0.02227879337701233,-0.014094000134565743
2020-11-24,-0.0056836391328207725,0.0
2020-11-25,-0.0031626924143731694,-0.0015417468054751415
2020-11-27,-0.00034446608471627727,0.0
2020-11-30,-0.003925183265104382,-0.004427240975035884
2020-12-01,0.0,0.0
2020-12-02,0.0,0.0
2020-12-03,-0.006520092356800067,-0.00027285661035081343
2020-12-04,0.0,0.0
2020-12-07,0.0,-0.002054684717651467
2020-12-08,0.0,0.0
2020-12-09,-0.009154814028998537,-0.008968745064055095
2020-12-10,-0.01111859716698349,-0.009293094444278172
2020-12-11,-0.019687487772301893,-0.01045433103807425
2020-12-14,-0.029942439404249344,-0.014885208601030153
2020-12-15,-0.018442560942440345,-0.0015670512968278816
2020-12-16,-0.018843378015943713,0.0
2020-12-17,-0.017257970598333672,0.0
2020-12-18,-0.023862065954003864,-0.00399259780997907
2020-12-21,-0.009942167138909497,-0.007554132317507234
2020-12-22,-0.019189274883272933,-0.009226558876666902
2020-12-23,-0.01040136117778423,-0.008336396353243347
2020-12-24,-0.009930213526286757,-0.004478406328723872
2020-12-28,0.0,0.0
2020-12-29,-0.0011227556985007325,-0.0019076038673878637
2020-12-30,-0.0033477253928513306,-0.00048357322029646266
2020-12-31,0.0,0.0
2021-01-04,-0.0061463855723643546,-0.013613674524228125
2021-01-05,-0.00044389841078551484,-0.006820427613841162
2021-01-06,0.0,-0.0008826714247509582
2021-01-07,0.0,0.0
2021-01-08,0.0,0.0
2021-01-11,0.0,-0.00674085348604736
2021-01-12,0.0,-0.006531142247846677
2021-01-13,0.0,-0.0038557117895204884
2021-01-14,-6.226990252533593e-05,-0.007344106477936374
2021-01-15,-0.010026725031326067,-0.01458340032800598
2021-01-19,-0.007101264128778206,-0.006845666113913906
2021-01-20,-0.004746302897943422,0.0
2021-01-21,-0.008577011323341321,0.0
2021-01-22,-0.012974377106129142,-0.0035395747630231345
2021-01-25,-0.01714964262399521,0.0
2021-01-26,-0.019161962829300605,-0.0015607522448872757
2021-01-27,-0.052845135345697014,-0.025963187362930018
2021-01-28,-0.04192305407246477,-0.0175861581973904
2021-01-29,-0.059510898760515185,-0.037253717372253026
2021-02-01,-0.046292500255164626,-0.021228481984445158
2021-02-02,-0.026679236391628725,-0.007388521473583487
2021-02-03,-0.013401949344224895,-0.006607761580575411
2021-02-04,0.0,0.0
2021-02-05,0.0,0.0
2021-02-08,0.0,0.0
2021-02-09,-0.0030098519968864146,-0.0006661098821912903
2021-02-10,0.0,-0.0011014527743203884
2021-02-11,0.0,0.0
2021-02-12,0.0,0.0
2021-02-16,0.0,-0.0008661296228854587
2021-02-17,-0.0014075298554223625,-0.000636614456767215
2021-02-18,-0.0057537446385809154,-0.004890117422597262
2021-02-19,-0.0035031436517486414,-0.006647507284956666
2021-02-22,-0.008410007930015007,-0.014287882651208283
2021-02-23,-0.009145201290582716,-0.013091130962906705
2021-02-24,0.0,-0.002215835761652185
2021-02-25,-0.023750181415122973,-0.026258321698943154
2021-02-26,-0.03133125637068135,-0.03127542805121164
2021-03-01,-0.011078094022655138,-0.0077934967975578084
2021-03-02,-0.016989940660416925,-0.01553606443857447
2021-03-03,-0.02468989491074769,-0.02857593228325761
2021-03-04,-0.036406572970197226,-0.040597216997113494
2021-03-05,-0.02682253246398658,-0.022947425581231085
2021-03-08,-0.03983129301846777,-0.02781191144471662
2021-03-09,-0.02491143669578788,-0.01393129506499824
2021-03-10,-0.015424566890680391,-0.0077934967975580305
2021-03-11,-0.0055914883455683295,0.0
2021-03-12,-0.004672720470676683,0.0
2021-03-15,0.0,0.0
2021-03-16,0.0,-0.0012610373849746281
2021-03-17,-0.0027704342674791382,0.0
2021-03-18,-0.015175692512826022,-0.014549908494203456
2021-03-19,-0.019620418299191478,-0.016373257829154664
2021-03-22,-0.012961300352576921,-0.008519140959525995
2021-03-23,-0.022718497208460087,-0.016322755937726807
2021-03-24,-0.029082707078426084,-0.021323350902820226
2021-03-25,-0.02703919907439678,-0.01581773702344813
2021-03-26,-0.01698093171354409,0.0
2021-03-29,-0.017739842787395932,-0.0005050800941012179
2021-03-30,-0.018252883287919852,-0.003156729959146398
2021-03-31,-0.013784590314968037,0.0
2021-04-01,-0.003051116186537528,0.0
2021-04-05,0.0,0.0
2021-04-06,-0.0024700538862523214,-0.0005906783779550118
2021-04-07,0.0,0.0
2021-04-08,0.0,0.0
2021-04-09,0.0,0.0
2021-04-12,0.0,0.0
2021-04-13,-0.0008553096626151557,0.0
2021-04-14,-0.0053717416152475606,-0.0034151458298610216
2021-04-15,0.0,0.0
2021-04-16,-0.0007578692453671376,0.0
2021-04-19,-0.003234244857069468,-0.004912867432374846
2021-04-20,-0.016276234008808732,-0.012198457667532026
2021-04-21,-0.005154884957715322,-0.0028518092089679925
2021-04-22,-0.017979280874280468,-0.011958914464439308
2021-04-23,0.0,-0.0012463450867686854
2021-04-26,0.0,0.0
2021-04-27,0.0,-0.0002157133355203955
2021-04-28,0.0,-0.0005027834218549465
2021-04-29,0.0,0.0
2021-04-30,-0.011326715276196664,-0.0065704804970631026
2021-05-03,-0.005381011594736473,-0.004428028895521519
2021-05-04,-0.009868384856419055,-0.010569910172293029
2021-05-05,-0.003171116680413588,-0.010260400862394436
2021-05-06,0.0,-0.002356906783092083
2021-05-07,0.0,0.0
2021-05-10,-0.011406507082702522,-0.009902484573158343
2021-05-11,-0.02246009924226089,-0.01873862275511673
2021-05-12,-0.03862454876569721,-0.03958601980868459
2021-05-13,-0.027828056151061764,-0.028048873280723585
2021-05-14,-0.011408586629092277,-0.013124203733156703
2021-05-17,-0.010706510010878967,-0.015635567141700113
2021-05-18,-0.01743331973726392,-0.024116411338785615
2021-05-19,-0.022139700629246972,-0.02667506987254853
2021-05-20,-0.012459211635178713,-0.016203882705302708
2021-05-21,-0.0061922276407766486,-0.01700952536206879
2021-05-24,0.0,-0.006988299836231837
2021-05-25,-0.004715077469789053,-0.009191741791218733
2021-05-26,-0.004054869229865754,-0.007225549523298125
2021-05-27,-0.006629869978734715,-0.006704219460527239
2021-05-28,-0.00037134492347390413,-0.004927285099581513
2021-06-01,0.0,-0.005804063959419015
2021-06-02,0.0,-0.004240305989396953
2021-06-03,0.0,-0.00793613749304356
2021-06-04,0.0,0.0
2021-06-07,-0.0007769872435872127,-0.0009702657502915768
2021-06-08,-0.006007551932581512,-0.0007573315024390626
2021-06-09,-0.00878017604586434,-0.0022483351464446244
2021-06-10,-0.010570284755984538,0.0
2021-06-11,-0.008925187744223129,0.0
2021-06-14,-0.009748957654581503,0.0
2021-06-15,-0.014564243010494415,-0.0018339639144991926
2021-06-16,-0.016189007932909227,-0.007407388625628175
2021-06-17,-0.02036842978117981,-0.00773639417600247
2021-06-18,-0.040893462280359394,-0.02112258660752253
2021-06-21,-0.026899211876328044,-0.007108963226829967
2021-06-22,-0.020875327713275937,-0.0018006177190618144
2021-06-23,-0.018838602099574886,-0.0030039236332169983
2021-06-24,-0.009321688758603064,0.0
2021-06-25,-0.004914058889074702,0.0
2021-06-28,0.0,0.0
2021-06-29,0.0,0.0
2021-06-30,0.0,0.0
2021-07-01,0.0,0.0
2021-07-02,0.0,0.0
2021-07-06,-0.00421231142963685,-0.0018213126697131932
2021-07-07,-0.00593883241144455,0.0
2021-07-08,-0.01963546841030639,-0.00814787539649442
2021-07-09,-0.004979866756274265,0.0
2021-07-12,0.0,0.0
2021-07-13,-0.003419177289478048,-0.003408966692644455
2021-07-14,-0.008368307771463468,-0.0019220611111860908
2021-07-15,-0.012239836899864964,-0.005330953290897278
2021-07-16,-0.023582448563225666,-0.013132531906997036
2021-07-19,-0.03944446186049044,-0.02770644199328376
2021-07-20,-0.026704916184827954,-0.0137732686193478
2021-07-21,-0.012332778354586904,-0.005788313674710666
2021-07-22,-0.010034394631982524,-0.0037063478089361945
2021-07-23,0.0,0.0
2021-07-26,0.0,0.0
2021-07-27,-0.0026074453788558216,-0.004557630613997055
2021-07-28,0.0,-0.004965932049011523
2021-07-29,-0.0003794870017379548,-0.0008388308917218756
2021-07-30,-0.007573884823723009,-0.005691259720328801
2021-08-02,-0.005731612311399736,-0.007777518327779398
2021-08-03,0.0,0.0
2021-08-04,0.0,-0.004918845109385783
2021-08-05,0.0,0.0
2021-08-06,0.0,0.0
2021-08-09,0.0,-0.0008133748830926324
2021-08-10,0.0,0.0
2021-08-11,-0.004434488361001021,0.0
2021-08-12,0.0,0.0
2021-08-13,0.0,0.0
2021-08-16,0.0,0.0
2021-08-17,-0.0048187276073412555,-0.006555155288192505
2021-08-18,-0.019555759805700235,-0.01742838905987698
2021-08-19,-0.014635045144158032,-0.015907348792203013
2021-08-20,-0.0019346811473996972,-0.00807663274109316
2021-08-23,0.0,0.0
2021-08-24,-0.0008509181032956281,0.0
2021-08-25,0.0,0.0
2021-08-26,-0.0059744024975874055,-0.005903337616644855
2021-08-27,0.0,0.0
2021-08-30,0.0,0.0
2021-08-31,-0.005580679887550066,-0.0014814557688482832
2021-09-01,-0.010274036333556169,-0.0009506205896065989
2021-09-02,-0.009137375075235599,0.0
2021-09-03,-0.007425003202420122,-0.00024275709974685977
2021-09-07,-0.009710623195399948,-0.0038172080720112467
2021-09-08,-0.015910870083162054,-0.005031137299046251
2021-09-09,-0.02450992618045711,-0.009289519389810041
2021-09-10,-0.03342979752549624,-0.017100936936045974
2021-09-13,-0.03176415005125666,-0.014585476082748294
2021-09-14,-0.034217139791138274,-0.0199032076132305
2021-09-15,-0.028553236159316042,-0.01171680293067745
2021-09-16,-0.031708177034876495,-0.013283585135734022
2021-09-17,-0.04308515041498895,-0.022895271511383597
2021-09-20,-0.06013494952561227,-0.03918773675644338
2021-09-21,-0.058549270172610246,-0.04009516538240654
2021-09-22,-0.054933378433352775,-0.03073155405362682
2021-09-23,-0.046964788082034414,-0.018954744557440506
2021-09-24,-0.047623715411572176,-0.01733895100187255
2021-09-27,-0.05184394598237829,-0.020150204697845786
2021-09-28,-0.0744284478567886,-0.039896245414348774
2021-09-29,-0.07341901925303751,-0.03827987694557822
2021-09-30,-0.08183444626240066,-0.050034408555168386
2021-10-01,-0.07027803211420047,-0.038744981726383965
2021-10-04,-0.08963854260384818,-0.05114133206239202
2021-10-05,-0.075376693272173,-0.04126856322866668
2021-10-06,-0.07207672401775189,-0.03728398355058349
2021-10-07,-0.06256396592866298,-0.028960533933389376
2021-10-08,-0.06087867392122093,-0.03073155405362682
2021-10-11,-0.07422725020365861,-0.03774865714648734
2021-10-12,-0.07917336927175667,-0.040117371404852276
2021-10-13,-0.08029501549788909,-0.03666393966170978
2021-10-14,-0.06254940603131709,-0.020460226642282975
2021-10-15,-0.05247342164166746,-0.013000368519363037
2021-10-18,-0.048752534663649705,-0.010078084711160895
2021-10-19,-0.04279551090608613,-0.0024410095935769593
2021-10-20,-0.04106047540562785,0.0
2021-10-21,-0.03776137235577104,0.0
2021-10-22,-0.03814533900189587,-0.0010363548708105519
2021-10-25,-0.03483757896546946,0.0
2021-10-26,-0.02639444012333747,0.0
2021-10-27,-0.03807003786112295,-0.0044301026546937905
2021-10-28,-0.03263046932368019,0.0
2021-10-29,-0.01943775531538161,0.0
2021-11-01,-0.022206588746986666,0.0
2021-11-02,-0.013289361951000056,0.0
2021-11-03,-0.012033286407747035,0.0
2021-11-04,-0.005146741320703696,0.0
2021-11-05,-0.01589899185222765,0.0
2021-11-08,-0.007946170124749963,0.0
2021-11-09,-0.010936050944945097,-0.0033052568003774097
2021-11-10,-0.022427577963299195,-0.011323773936856352
2021-11-11,-0.017065612420803955,-0.011003722784055925
2021-11-12,-0.01215236698133515,-0.0035399471330601617
2021-11-15,-0.015351349754480936,-0.00319864231296374
2021-11-16,-0.013842263538496047,0.0
2021-11-17,-0.02470440017113318,-0.0024292047483048806
2021-11-18,-0.012717691084890959,0.0
2021-11-19,-0.01693381833962737,-0.001788211090184677
2021-11-22,-0.013118392167007165,-0.004598316328142005
2021-11-23,-0.0009165356797977697,-0.0032783409238195116
2021-11-24,-0.0003127454851413747,-0.0006173108702761665
2021-11-26,-0.03080219853100119,-0.022906919099723977
2021-11-29,-0.02334039027332868,-0.010921191338102654
2021-11-30,-0.03582643009600328,-0.030166196369130982
2021-12-01,-0.04496872360389037,-0.040938450747376676
2021-12-02,-0.03619492656456291,-0.026248981544187866
2021-12-03,-0.04634383180350987,-0.03472193953380576
2021-12-06,-0.04052737333073775,-0.0232898702340949
2021-12-07,-0.01426148704031327,-0.0030868308004949885
2021-12-08,-0.013683542316486608,-0.0004469491041285689
2021-12-09,-0.01713159444468737,-0.007195624861041194
2021-12-10,-0.013353443499511841,0.0
2021-12-13,-0.02344550798287659,-0.008858355618472258
2021-12-14,-0.02348234022488116,-0.015677446037229092
2021-12-15,0.0,-0.00029744169111844965
2021-12-16,-0.007924199071509874,-0.009113384455419982
2021-12-17,-0.026664187446395204,-0.019659219957958163
2021-12-20,-0.03553998640325562,-0.030083609873188255
2021-12-21,-0.01848116909365516,-0.012858749816641812
2021-12-22,-0.009552646638533058,-0.0029887614212125158
2021-12-23,-0.005248858938210255,0.0
2021-12-27,0.0,0.0
2021-12-28,-0.0054794850868959966,-0.0008172681431224404
2021-12-29,-0.009208496406254985,0.0
2021-12-30,-0.011030247977882324,-0.0027645039401447136
2021-12-31,-0.01689138153935421,-0.005278052739875916
2022-01-03,-0.01029357776942541,0.0
2022-01-04,-0.015151759895493888,-0.00033494247027854307
2022-01-05,-0.03286055493938422,-0.019530477834779014
2022-01-06,-0.03639081594893179,-0.020451603487979475
2022-01-07,-0.03655203624085712,-0.024324231895854864
2022-01-10,-0.03231891736873038,-0.02553831370077897
2022-01-11,-0.02661761542768215,-0.016662676837739365
2022-01-12,-0.023365231435180767,-0.014004197954656683
2022-01-13,-0.04309389280534304,-0.027589819401268145
2022-01-14,-0.04611675624997791,-0.027192100612763226
2022-01-18,-0.06639244781793086,-0.04442010291388432
2022-01-19,-0.0748805582895199,-0.05434255350631467
2022-01-20,-0.08440466704733474,-0.06480899780350602
2022-01-21,-0.09892705873554841,-0.08316758331152174
2022-01-24,-0.10261395663187933,-0.07927389402450025
2022-01-25,-0.10606450928270816,-0.090515053618899
2022-01-26,-0.09610613558064052,-0.09279667143301673
2022-01-27,-0.09770943321089709,-0.09727654390296003
2022-01-28,-0.07613133703143782,-0.07485686559265203
2022-01-31,-0.0650133030199006,-0.058194121035043844
2022-02-01,-0.059061743628697094,-0.05183034953948784
2022-02-02,-0.05087113853801439,-0.042619770206169694
2022-02-03,-0.06492422114914842,-0.06512308255424437
2022-02-04,-0.056193262699411495,-0.06072697956180495
2022-02-07,-0.05507697613294105,-0.06374125863470637
2022-02-08,-0.04772442269909416,-0.05603805585737909
2022-02-09,-0.03764916613440783,-0.04222218685740187
2022-02-10,-0.05180851021080246,-0.05942933143898277
2022-02-11,-0.06995422326225398,-0.07797604274207215
2022-02-14,-0.07323477278132873,-0.0809905926944482
2022-02-15,-0.05433731134701236,-0.06616982856376641
2022-02-16,-0.05561511893240911,-0.06512308255424426
2022-02-17,-0.08080181692684085,-0.08509346865568923
2022-02-18,-0.0881491794800705,-0.09101746732431659
2022-02-22,-0.09467854147311128,-0.10077244668160767
2022-02-23,-0.10870953376542858,-0.11672338769997215
2022-02-24,-0.10843884290994543,-0.10343092556469025
2022-02-25,-0.08398189071773221,-0.08364880069805591
2022-02-28,-0.09255584090631952,-0.08599339799000605
2022-03-01,-0.10487589127993968,-0.09991402962676488
2022-03-02,-0.09168669861505785,-0.08335584454633227
2022-03-03,-0.09267933004476603,-0.08791935105404225
2022-03-04,-0.09865213027041309,-0.09532966539951448
2022-03-07,-0.1207319466081207,-0.12199876546679422
2022-03-08,-0.12860793597292364,-0.12865549311407387
2022-03-09,-0.10112358001482735,-0.10529383143102522
2022-03-10,-0.10436667509214437,-0.1093340665137772
2022-03-11,-0.11070685697437499,-0.1206587247062052
2022-03-14,-0.10642087361374597,-0.1270855433994622
2022-03-15,-0.08747519014545813,-0.1078896017157499
2022-03-16,-0.07428625248849319,-0.08810768000872171
2022-03-17,-0.06422768673894752,-0.076699184618921
2022-03-18,-0.05699762421443921,-0.06658637347575203
2022-03-21,-0.056919359002688186,-0.06685935226622775
2022-03-22,-0.0498503927545485,-0.05594020064719807
2022-03-23,-0.058273406899501,-0.06809835498281036
2022-03-24,-0.046301922840041754,-0.05405047771288274
2022-03-25,-0.04114975896147377,-0.04943083143407245
2022-03-28,-0.03630452883215607,-0.04266947658974851
2022-03-29,-0.030256525423289937,-0.030826287363166838
2022-03-30,-0.03021959630403681,-0.036810963034092925
2022-03-31,-0.04649526302344198,-0.051635722637024206
2022-04-01,-0.04803594625228125,-0.048947853330953084
2022-04-04,-0.042985421699197945,-0.04080054365510444
2022-04-05,-0.05175708538264334,-0.052916440792687314
2022-04-06,-0.05595661677475072,-0.06238665810235966
2022-04-07,-0.05114707191600876,-0.0576621814668995
2022-04-08,-0.04949368498094586,-0.0601820377788822
2022-04-11,-0.06769390586397617,-0.0762456646586589
2022-04-12,-0.07508987837543113,-0.07966836225931018
2022-04-13,-0.07705710376192854,-0.06912722294701201
2022-04-14,-0.08851715175689157,-0.08071822338278933
2022-04-18,-0.08411389542441983,-0.08034007563632029
2022-04-19,-0.07420290598834667,-0.0654943228741115
2022-04-20,-0.08128081820793764,-0.06618736800974256
2022-04-21,-0.09903453763291958,-0.08015127264256039
2022-04-22,-0.12351438891381716,-0.1053911448822562
2022-04-25,-0.11506757282778612,-0.10020454786321709
2022-04-26,-0.13540565071677324,-0.12626335647434006
2022-04-27,-0.14083793224801544,-0.12380661507992707
2022-04-28,-0.10832636064339862,-0.1016744753318517
2022-04-29,-0.14074746497682145,-0.13487265109403035
2022-05-02,-0.1410920235177604,-0.12966499319584512
2022-05-03,-0.13434623310682792,-0.1256754125748336
2022-05-04,-0.11313628791401109,-0.0990497209433504
2022-05-05,-0.13600682448458457,-0.13107207662638498
2022-05-06,-0.13524486267368374,-0.13625853820568679
2022-05-09,-0.1533935539777227,-0.163913300960978
2022-05-10,-0.15273368169666024,-0.16198125310876432
2022-05-11,-0.15821454363408227,-0.17529416664437458
2022-05-12,-0.15975836162844403,-0.17615529249396267
2022-05-13,-0.15127253362424542,-0.15645883326115428
2022-05-16,-0.14989226404705136,-0.15988153086180557
2022-05-17,-0.13399403757080397,-0.1426000298644612
2022-05-18,-0.15638409743204718,-0.17716323501875586
2022-05-19,-0.16041733781411716,-0.18220274448311546
2022-05-20,-0.15532118509577886,-0.18184572533566112
2022-05-23,-0.13594406743302367,-0.1665379876296107
2022-05-24,-0.13713167524248082,-0.1729003370079254
2022-05-25,-0.13494515628993853,-0.16559316002238733
2022-05-26,-0.12465095646091617,-0.1489205960838269
2022-05-27,-0.11368360614649586,-0.1280270527331222
2022-05-31,-0.1213597145773313,-0.13291988096201401
2022-06-01,-0.13047738156106936,-0.13993328915740477
2022-06-02,-0.11840050370374744,-0.12355449400899177
2022-06-03,-0.1304239385786673,-0.13793839726709622
2022-06-06,-0.12636516395199793,-0.13531371059846353
2022-06-07,-0.11756326752026847,-0.12701944880767246
2022-06-08,-0.12221377076005091,-0.1365105238368851
2022-06-09,-0.146631673077814,-0.15704670944079235
2022-06-10,-0.16971680913605336,-0.18148877390807572
2022-06-13,-0.19838157117771704,-0.2125661665441495
2022-06-14,-0.20274657614999914,-0.2149389353014528
2022-06-15,-0.19142230646711844,-0.2037468726118159
2022-06-16,-0.20798354534489827,-0.2300995854528236
2022-06-17,-0.20802543000811513,-0.228439906912268
2022-06-21,-0.18616316517293485,-0.20901690050901578
2022-06-22,-0.17997420904060712,-0.21045093644727286
2022-06-23,-0.16693585063966399,-0.20271143582035622
2022-06-24,-0.14275336851470155,-0.17736246687228607
2022-06-27,-0.1423838739101474,-0.18050466877704274
2022-06-28,-0.1615715679145744,-0.19724942209557028
2022-06-29,-0.15564116570509845,-0.19790318970739174
2022-06-30,-0.1630760475592048,-0.20441953406698699
2022-07-01,-0.1617112395321456,-0.19600513722923418
2022-07-05,-0.1541430732319906,-0.19448665461478676
2022-07-06,-0.15142475565454316,-0.19176621205190125
2022-07-07,-0.1360962254619975,-0.17966121781316913
2022-07-08,-0.1362379286291583,-0.1803359785842681
2022-07-11,-0.15012158258930908,-0.1896995371008372
2022-07-12,-0.15632852215013138,-0.19686978451199133
2022-07-13,-0.16353157256641337,-0.20108758109030944
2022-07-14,-0.1727943893156212,-0.20302775532675954
2022-07-15,-0.14417410744574688,-0.18780155234254803
2022-07-18,-0.14773236790916588,-0.19450778321380136
2022-07-19,-0.11835071422493926,-0.17274410727098
2022-07-20,-0.11213869751853933,-0.16747170917837795
2022-07-21,-0.10517240687869867,-0.1589940619833179
2022-07-22,-0.12464964669047418,-0.16679688068741017
2022-07-25,-0.12452021520646683,-0.16578467181089285
2022-07-26,-0.13999210804003304,-0.17565430090578638
2022-07-27,-0.11125113884062388,-0.15424906622766066
2022-07-28,-0.11057934314459661,-0.14364142600436114
2022-07-29,-0.10791802349375512,-0.13115659102244392
2022-08-01,-0.11378329547948363,-0.13372947199156948
2022-08-02,-0.12078293924687,-0.13944455486545182
2022-08-03,-0.10707442657488198,-0.12596877504576953
2022-08-04,-0.11214820856207042,-0.12655922458041557
2022-08-05,-0.10883866386562924,-0.12803544999683347
2022-08-08,-0.11547378673623243,-0.1290477265932194
2022-08-09,-0.11482043905863903,-0.1325063834441168
2022-08-10,-0.09639404129532914,-0.11428554014890857
2022-08-11,-0.09597616249824581,-0.11428554014890857
2022-08-12,-0.082305770087995,-0.09929127771477886
2022-08-15,-0.07902742107659888,-0.09557975487439085
2022-08-16,-0.0772193440426836,-0.09380813539097843
2022-08-17,-0.08162508642928812,-0.10024023623398925
2022-08-18,-0.08098234973415208,-0.09762509806683428
2022-08-19,-0.09085814544983806,-0.10975135634431854
2022-08-22,-0.10842590107137251,-0.1282886545856673
2022-08-23,-0.11450606593558299,-0.13039745129502345
2022-08-24,-0.11446588386671619,-0.1276136906549623
2022-08-25,-0.10089706716997038,-0.11529774902542578
2022-08-26,-0.13096674082973703,-0.1452440166956558
2022-08-29,-0.13934186532825865,-0.15089584921223098
2022-08-30,-0.1450095580929187,-0.160217285970508
2022-08-31,-0.15376294129908152,-0.1666071973353579
2022-09-01,-0.14209691740756636,-0.16399205916820292
2022-09-02,-0.15299914779576773,-0.17280749306802423
2022-09-06,-0.15542603004133315,-0.1759284986538976
2022-09-07,-0.14606626573106296,-0.16112391957182004
2022-09-08,-0.13671925882461722,-0.1556407772480196
2022-09-09,-0.12541068496142405,-0.14252364185263888
2022-09-12,-0.11684989146099334,-0.13330771264969832
2022-09-13,-0.15300929904810712,-0.17099361638658228
2022-09-14,-0.15307236435370541,-0.16783035360267928
2022-09-15,-0.1506118094644877,-0.17727829107557025
2022-09-16,-0.15531500855024938,-0.1835547716604531
2022-09-19,-0.15214515181216703,-0.17722316710249952
2022-09-20,-0.15944172470979212,-0.18666751542235271
2022-09-21,-0.1751484675263254,-0.2008550987812786
2022-09-22,-0.1736887919672233,-0.20756776304005242
2022-09-23,-0.18693768558871637,-0.22084478504528515
2022-09-26,-0.1989639097477678,-0.228552728213417
2022-09-27,-0.202218806161508,-0.2305220897132495
2022-09-28,-0.18818987150045352,-0.21538148464299534
2022-09-29,-0.2014897379473677,-0.2317713181299964
2022-09-30,-0.21486679530843866,-0.24365094064590453
2022-10-03,-0.19910720952251282,-0.2236823152610441
2022-10-04,-0.17680566676723186,-0.19962693124367792
2022-10-05,-0.17741177739743186,-0.20149051430869958
2022-10-06,-0.18992782133820885,-0.20972748509062356
2022-10-07,-0.20991060932273053,-0.2317713181299963
2022-10-10,-0.21517811328996372,-0.2376370777115958
2022-10-11,-0.2175172204902961,-0.24246509802620198
2022-10-12,-0.2196649221293262,-0.24496375801930126
2022-10-13,-0.19699774591896713,-0.22503759299207615
2022-10-14,-0.21098507151464319,-0.24269798665444464
2022-10-17,-0.1921177531245224,-0.22323759888370476
2022-10-18,-0.1850131155610255,-0.2141109244676277
2022-10-19,-0.19259750834200262,-0.2196801387444658
2022-10-20,-0.19320046584632966,-0.2262235033316472
2022-10-21,-0.16924853564036813,-0.2074195242476059
2022-10-24,-0.15824053430098228,-0.19772115870049545
2022-10-25,-0.14950272104944562,-0.18490977851201074
2022-10-26,-0.1490004939446219,-0.19105088707948825
2022-10-27,-0.14733985554707352,-0.19537046662036794
2022-10-28,-0.13124282505787555,-0.1762279559130101
2022-10-31,-0.13679469755410734,-0.1821782976105374
2022-11-01,-0.1353702600765323,-0.18575688634879095
2022-11-02,-0.14568784288421266,-0.20619128899013672
2022-11-03,-0.15417651263929455,-0.2143651448544911
2022-11-04,-0.14269521847360556,-0.20305728118948507
2022-11-07,-0.13468779754534776,-0.1954341232968867
2022-11-08,-0.13018568748088266,-0.19109307655764907
2022-11-09,-0.14331751072815335,-0.20775825903052814
2022-11-10,-0.10896982977204894,-0.16422129092353888
2022-11-11,-0.11064249401506077,-0.15613215261484936
2022-11-14,-0.11229226113535018,-0.16331066184997722
2022-11-15,-0.11454483362106893,-0.1561745452526161
2022-11-16,-0.11544851990547156,-0.16261206368511782
2022-11-17,-0.1126099600153998,-0.16517431263486737
2022-11-18,-0.10671980933697534,-0.16138376070777993
2022-11-21,-0.10965591403998465,-0.16443311867263533
2022-11-22,-0.09984999459305377,-0.15318877624441063
2022-11-23,-0.09556595637872567,-0.14785265375542112
2022-11-25,-0.09267510806394563,-0.14804321746576565
2022-11-28,-0.10269220022737924,-0.1616377779350372
2022-11-29,-0.10296848483052556,-0.16307784094160305
2022-11-30,-0.08088136935811308,-0.1367142252017448
2022-12-01,-0.08480200002972649,-0.13734957300929718
2022-12-02,-0.08830569196716709,-0.1383447841987866
2022-12-05,-0.104786779942463,-0.1538451849311092
2022-12-06,-0.12319920326208722,-0.1660424813507937
2022-12-07,-0.12434948800992729,-0.1674612125987388
2022-12-08,-0.11395915459279582,-0.16093911205030964
2022-12-09,-0.11883014844585416,-0.16720712765161294
2022-12-12,-0.10327487825006165,-0.15520059810187892
2022-12-13,-0.0948000064173059,-0.14880554002701252
2022-12-14,-0.10336381409355266,-0.15424771183028774
2022-12-15,-0.1278152277709831,-0.1749361994187596
2022-12-16,-0.13725796471533291,-0.1846769576036369
2022-12-19,-0.14214752509014317,-0.19159068215239405
2022-12-20,-0.14230635252818247,-0.19048434265847147
2022-12-21,-0.12913814735128026,-0.17838029649790021
2022-12-22,-0.14303168828471124,-0.19010158996093518
2022-12-23,-0.14276706607787237,-0.18544280159805282
2022-12-27,-0.15184078541446633,-0.18865509356684884
2022-12-28,-0.157322211548795,-0.19873831112742346
2022-12-29,-0.14512078035892573,-0.18431533350511542
2022-12-30,-0.1455099657319402,-0.18646394949723
2023-01-03,-0.14310961736098116,-0.18988894957341484
2023-01-04,-0.13437721484280452,-0.18363468110544467
2023-01-05,-0.14217960952263908,-0.19295212239147208
2023-01-06,-0.12467159552504592,-0.1744448240519294
2023-01-09,-0.12675417469776373,-0.1749127683442111
2023-01-10,-0.11984786425289962,-0.16912657960825994
2023-01-11,-0.11284453644316006,-0.15861781039317047
2023-01-12,-0.10824806093342443,-0.1555545021353757
2023-01-13,-0.09886386416875037,-0.15227835033045511
2023-01-17,-0.09998917782589456,-0.15383143779777597
2023-01-18,-0.11207720964634049,-0.16719080716327128
2023-01-19,-0.11369605625222978,-0.17325349612286733
2023-01-20,-0.09940779547157208,-0.15785196639875476
2023-01-23,-0.08299799223862969,-0.1477472816398222
2023-01-24,-0.0863547768666123,-0.1486620416253709
2023-01-25,-0.0881954898713384,-0.14834294560435324
2023-01-26,-0.07788774785321528,-0.1389829762408218
2023-01-27,-0.07158398404727129,-0.13700454027859188
2023-01-30,-0.0879417680119331,-0.147832405514699
2023-01-31,-0.07513590585112273,-0.13530267225987558
2023-02-01,-0.06571805498454997,-0.1261129506460975
2023-02-02,-0.04265304011874538,-0.11339184104250588
2023-02-03,-0.04580447797503373,-0.1228156025222934
2023-02-06,-0.04659102297007045,-0.1281763750434668
2023-02-07,-0.034419759661170723,-0.11677417760144948
2023-02-08,-0.03811374197564932,-0.12643204666711516
2023-02-09,-0.04489767588220739,-0.1340051595767907
2023-02-10,-0.04530381600113631,-0.13198426325692536
2023-02-13,-0.034145813396793234,-0.12179479322245934
2023-02-14,-0.0301580323100914,-0.12219867451901045
2023-02-15,-0.03555298669006346,-0.11934807436860462
2023-02-16,-0.04978482702238207,-0.13147372316727113
2023-02-17,-0.04767871325054773,-0.13364346775840052
2023-02-21,-0.06059904220626644,-0.15102336572487451
2023-02-22,-0.06362412016950736,-0.15219329417544736
2023-02-23,-0.04554602631457716,-0.14768348952356636
2023-02-24,-0.05046793670204819,-0.15678842586181085
2023-02-27,-0.05131849306637715,-0.15391629079317848
2023-02-28,-0.05750174321221879,-0.1570434588870978
2023-03-01,-0.06342333873259343,-0.16027721805425177
2023-03-02,-0.06036452932055203,-0.1537462462030309
2023-03-03,-0.040918375728602574,-0.1401743041698842
2023-03-06,-0.037156594434719525,-0.13957857248548444
2023-03-07,-0.05229777346974129,-0.15276782954096357
2023-03-08,-0.05520805635469628,-0.1513849221035274
2023-03-09,-0.07680631926883474,-0.16704195889200746
2023-03-10,-0.08663583578381373,-0.1790608134578333
2023-03-13,-0.0957523046838451,-0.18023108050774928
2023-03-14,-0.07558756209643702,-0.16668013163387996
2023-03-15,-0.08074115988905062,-0.171891920444052
2023-03-16,-0.06730914201655014,-0.15736262262798384
2023-03-17,-0.08614643405143718,-0.16721538947558667
2023-03-20,-0.07583332991480807,-0.15920765044899887
2023-03-21,-0.06287156387496207,-0.14816748342471486
2023-03-22,-0.07535578612618243,-0.16268831625720348
2023-03-23,-0.072117366268583,-0.16042471192814323
2023-03-24,-0.07196293479416505,-0.1549154974549175
2023-03-27,-0.06516970421203727,-0.15333525432027317
2023-03-28,-0.07043041622491109,-0.15523574471370183
2023-03-29,-0.06018822558834502,-0.14295718445165306
2023-03-30,-0.05806081960773346,-0.1379390067459142
2023-03-31,-0.04570950482230629,-0.1257886401951953
2023-04-03,-0.03970083927233803,-0.12245743213707261
2023-04-04,-0.045365420734695405,-0.12732594893312377
2023-04-05,-0.04342755899072814,-0.12961102046054196
2023-04-06,-0.037072900842860745,-0.12621568168681996
2023-04-10,-0.03778314227406365,-0.12531893518632875
2023-04-11,-0.04073971047234426,-0.12508401496202703
2023-04-12,-0.042343883347708444,-0.12865014324445145
2023-04-13,-0.03034892141068246,-0.11707614049570192
2023-04-14,-0.023427571499778255,-0.11923288287205303
2023-04-17,-0.019722607256984492,-0.11607253204250145
2023-04-18,-0.02081519342954663,-0.11549603280079468
2023-04-19,-0.019053409851116365,-0.11564542283100787
2023-04-20,-0.02478978894751105,-0.12047141154955499
2023-04-21,-0.02355483927158608,-0.11978825351474487
2023-04-24,-0.024559651746646205,-0.11886990437615874
2023-04-25,-0.03694465895689569,-0.13285690148418183
2023-04-26,-0.03536253987533189,-0.13652968855970937
2023-04-27,-0.017588681342837975,-0.11933974482476217
2023-04-28,-0.010363814960627105,-0.11182311028552983
2023-05-01,-0.008061258264575932,-0.11271999222575824
2023-05-02,-0.02110317309688381,-0.1226922846415055
2023-05-03,-0.030241857537083083,-0.12871413852031321
2023-05-04,-0.04222744092211328,-0.13488545014920295
2023-05-05,-0.022076055284594664,-0.11886990437615852
2023-05-08,-0.020445894702711853,-0.11863511959159412
2023-05-09,-0.025383927480254864,-0.12250023109405084
2023-05-10,-0.025244912197708524,-0.11840019936729229
2023-05-11,-0.0295312794703404,-0.11993764354495795
2023-05-12,-0.03466123508982588,-0.12109077746810881
2023-05-15,-0.02771562380707382,-0.11805848491014981
2023-05-16,-0.030432217383220883,-0.12395221279749646
2023-05-17,-0.016005937123734437,-0.1133178909459539
2023-05-18,-0.007400432503484877,-0.10477631619490058
2023-05-19,-0.012146208626405364,-0.10607890786813312
2023-05-22,-0.006930300088553332,-0.10571579393250152
2023-05-23,-0.01323124270467868,-0.11575221706384797
2023-05-24,-0.02075603080581756,-0.12215851663690802
2023-05-25,0.0,-0.11455641962345586
2023-05-26,0.0,-0.10308927882741548
2023-05-30,-0.0021458632974743486,-0.10274769981001042
2023-05-31,-0.010005448323161525,-0.10772307855877072
2023-06-01,-0.0031845403042424225,-0.09924556680344798
2023-06-02,0.0,-0.08621971779098991
2023-06-05,-0.0017322134872777006,-0.08797075043433678
2023-06-06,-0.00028684886095631246,-0.08598459440708217
2023-06-07,-0.009891662468012208,-0.08914514839623955
2023-06-08,-0.003727129133270668,-0.0836357307634078
2023-06-09,-0.0012306217510895667,-0.08199142463303277
2023-06-12,0.0,-0.07366357378739785
2023-06-13,0.0,-0.0675562574343701
2023-06-14,0.0,-0.06644605790793512
2023-06-15,0.0,-0.05487191971944827
2023-06-16,-0.0038549884973170245,-0.05809125455458264
2023-06-20,-0.006238996996676183,-0.06297805571516568
2023-06-21,-0.015883520644135007,-0.0677791235220544
2023-06-22,-0.012432450991294197,-0.06441412324948192
2023-06-23,-0.01878132922689557,-0.07148705720940463
2023-06-26,-0.03328411456784086,-0.075280791970318
2023-06-27,-0.02379509112255629,-0.06514292447575343
2023-06-28,-0.0255009236128394,-0.06467139103043407
2023-06-29,-0.020506014507177484,-0.060984856821573064
2023-06-30,-0.007879006162533675,-0.04990378699663234
2023-07-03,-0.009083557669488429,-0.04881065287709396
2023-07-05,-0.005280278657817772,-0.05022525321305216
2023-07-06,-0.012218199726660939,-0.057662655505979155
2023-07-07,-0.018238852209574996,-0.06004178993093423
2023-07-10,-0.02109498278797417,-0.057662655505979044
2023-07-11,-0.015573938963159728,-0.05166138846723689
2023-07-12,-0.005120074831927335,-0.044031052268563076
2023-07-13,0.0,-0.03644371818647363
2023-07-14,0.0,-0.037043851662334704
2023-07-17,0.0,-0.03370004770864554
2023-07-18,0.0,-0.026519980916539065
2023-07-19,0.0,-0.024355247595688856
2023-07-20,-0.006180660587419284,-0.030828183519487795
2023-07-21,-0.008717596072086997,-0.030828183519487795
2023-07-24,-0.005843418748580298,-0.026498649157918552
2023-07-25,-0.004804004577056653,-0.023840847473522442
2023-07-26,-0.0012919249548868361,-0.02369078024462279
2023-07-27,-0.0003379870152404596,-0.03016378388829044
2023-07-28,0.0,-0.020668713386828186
2023-07-31,-0.0015296304399892158,-0.018804182243645662
2023-08-01,-0.0025436292164254803,-0.021611915717204333
2023-08-02,-0.012187040980847219,-0.03522198403639387
2023-08-03,-0.012112958834225251,-0.037986783113236555
2023-08-04,-0.02056890264640887,-0.042337784673163736
2023-08-07,-0.00895954720270864,-0.033978850407824446
2023-08-08,-0.013514743813209718,-0.03817985245872069
2023-08-09,-0.020656569266208513,-0.044609718546066435
2023-08-10,-0.02065116048963933,-0.04426678513128879
2023-08-11,-0.018175205858821708,-0.04482411965017119
2023-08-14,-0.010396442495695601,-0.039551518397963004
2023-08-15,-0.019910094147732482,-0.05073972105508762
2023-08-16,-0.02600044093240772,-0.05770545446295794
2023-08-17,-0.03415764264377197,-0.06488558897493302
2023-08-18,-0.03555541970874754,-0.06443559044784009
2023-08-21,-0.03197779762362085,-0.05834845461566618
2023-08-22,-0.038003118288099436,-0.060899055748010134
2023-08-23,-0.027053315891357732,-0.0504395865972882
2023-08-24,-0.03915053484173869,-0.06359965638938492
2023-08-25,-0.03466782205082941,-0.05699825587478169
2023-08-28,-0.031659107718644885,-0.05101825287479145
2023-08-29,-0.020176162793617558,-0.03730098400354953
2023-08-30,-0.018144123541314783,-0.033335850255115984
2023-08-31,-0.025508039722393683,-0.03475045059107418
2023-09-01,-0.02497006608155783,-0.03294998244362224
2023-09-05,-0.02448702584428286,-0.037129585016029254
2023-09-06,-0.0349908844386666,-0.04360245321995937
2023-09-07,-0.03537129251913085,-0.046538786724059644
2023-09-08,-0.03488914733818593,-0.0451027191897434
2023-09-11,-0.029118110729994706,-0.03882264945182279
2023-09-12,-0.03409264301987047,-0.04409538614376818
2023-09-13,-0.028892155114057405,-0.042980852545740356
2023-09-14,-0.022354470178499675,-0.03472905111258484
2023-09-15,-0.0350579730740429,-0.046358787313222516
2023-09-18,-0.029056006713119475,-0.04579962435788687
2023-09-19,-0.03095664635560269,-0.0477784666393285
2023-09-20,-0.041077601413140874,-0.056532546338164624
2023-09-21,-0.05062594692936062,-0.07212653592894369
2023-09-22,-0.05028774837625172,-0.07421284964191233
2023-09-25,-0.04524412612596185,-0.07031983755357718
2023-09-26,-0.056856246803067445,-0.08397812241923619
2023-09-27,-0.05662552511809227,-0.08361229968885908
2023-09-28,-0.04902396131211939,-0.07829967599428644
2023-09-29,-0.055517616651431845,-0.08053653097523517
2023-10-02,-0.044135497949301494,-0.08090221826587496
2023-10-03,-0.056426721178649775,-0.093205360840239
2023-10-04,-0.047356689589979406,-0.08660206416931382
2023-10-05,-0.041513634645836794,-0.08694621654172707
2023-10-06,-0.02602496973487689,-0.07610575541005371
2023-10-09,-0.022998613562837056,-0.07019069576408643
2023-10-10,-0.021673089967765735,-0.06535109535194328
2023-10-11,-0.015517182889634107,-0.06152262029841904
2023-10-12,-0.016592004126200877,-0.06724406883995326
2023-10-13,-0.020577641576540406,-0.07188985498805722
2023-10-16,-0.013376287248295982,-0.062124785370339275
2023-10-17,-0.018592272520673414,-0.06216792292666096
2023-10-18,-0.034020607781915846,-0.07466467660545817
2023-10-19,-0.03994197134463673,-0.08279498859427903
2023-10-20,-0.04708806772805929,-0.09406567405140343
2023-10-23,-0.043719427574346215,-0.09563569148588369
2023-10-24,-0.038784573549438206,-0.0888174519519046
2023-10-25,-0.05231815985249699,-0.10189497122413271
2023-10-26,-0.06971801396554811,-0.11264936040276852
2023-10-27,-0.07475023440000383,-0.11667151428059441
2023-10-30,-0.06197421920316015,-0.10611066848652317
2023-10-31,-0.05930054697762821,-0.10049675909638467
2023-11-01,-0.04626971934497581,-0.09090376566487313
2023-11-02,-0.03067093386376063,-0.07348154278050101
2023-11-03,-0.015621135838061906,-0.06502854561762494
2023-11-06,-0.011714985898429342,-0.06287776258971378
2023-11-07,-0.008495039663883208,-0.06021068328331414
2023-11-08,-0.006655712644463629,-0.05952237853848774
2023-11-09,-0.012680999385088598,-0.06685684663108649
2023-11-10,0.0,-0.05229538187741578
2023-11-13,-0.00013723570551638087,-0.05319876492503328
2023-11-14,0.0,-0.03483008915659047
2023-11-15,0.0,-0.032786777560206204
2023-11-16,0.0,-0.03160371145511787
2023-11-17,-0.0002962410572633356,-0.030399110431802878
2023-11-20,0.0,-0.02293577142918779
2023-11-21,-0.002575755656939571,-0.025065019538872302
2023-11-22,0.0,-0.021301081520159193
2023-11-24,-0.0017132882850934283,-0.020698713288633153
2023-11-27,-0.004397995771004637,-0.022462409547415074
2023-11-28,-0.0030301027731413077,-0.021494624904723758
2023-11-29,-0.0032599576975109734,-0.02218279420981295
2023-11-30,-0.001325463134159488,-0.018332784238062505
2023-12-01,-0.005923363951397698,-0.012525399183227925
2023-12-04,-0.012188159580871716,-0.017709016528047017
2023-12-05,-0.011371281451435622,-0.017902627632480184
2023-12-06,-0.018020211722125534,-0.021860176755626348
2023-12-07,-0.005742308041764677,-0.014396634593405566
2023-12-08,0.0,-0.010159334692919852
2023-12-11,-0.007151052194809604,-0.006309121561563269
2023-12-12,0.0,-0.0017708745648545854
2023-12-13,0.0,0.0
2023-12-14,0.0,0.0
2023-12-15,0.0,-0.00164656668001395
2023-12-18,0.0,0.0
2023-12-19,0.0,0.0
2023-12-20,-0.011324671608519798,-0.013857314546095845
2023-12-21,0.0,-0.004506818506154087
2023-12-22,0.0,-0.0025062021089449216
2023-12-26,0.0,0.0
2023-12-27,0.0,0.0
2023-12-28,0.0,0.0
2023-12-29,-0.0020223671193326798,-0.0028949148158423643
2024-01-02,-0.0013227134597281198,-0.008475164402914959
2024-01-03,-0.006943937538244738,-0.01657247953519292
2024-01-04,-0.01007211359731619,-0.019740322036249758
2024-01-05,-0.005373297535429811,-0.018397654650634476
2024-01-08,0.0,-0.004384340857932267
2024-01-09,-0.004229118143160182,-0.005894882780223321
2024-01-10,0.0,-0.0002727303405399839
2024-01-11,-0.005247792110819827,-0.0007132694361974279
2024-01-12,-0.007874599029656926,-2.098431708452697e-05
2024-01-16,-0.01846856107289907,-0.003692121520377678
2024-01-17,-0.02326004861011577,-0.009230270910164928
2024-01-18,-0.018020466727276307,-0.0004195547785732501
2024-01-19,-0.006893735348091012,0.0
2024-01-22,-0.0026245048611104327,0.0
2024-01-23,0.0,0.0
2024-01-24,0.0,0.0
2024-01-25,0.0,0.0
2024-01-26,-0.0005666356782786375,-0.0012704111025140241
2024-01-29,0.0,0.0
2024-01-30,0.0,-0.000773483173836742
2024-01-31,-0.017272503199241118,-0.017078161247050305
2024-02-01,-0.006547395994020544,-0.004213689694737566
2024-02-02,0.0,0.0
2024-02-05,-0.003458711526403091,-0.00364122734048955
2024-02-06,-0.00269869811542367,-0.000748556265158018
2024-02-07,0.0,0.0
2024-02-08,-0.00400993773349978,0.0
2024-02-09,-0.0003332758904306399,0.0
2024-02-12,0.0,-0.00043901625073361483
2024-02-13,-0.014057516288375593,-0.014205932719336234
2024-02-14,-0.004475280524486314,-0.005247423540192808
2024-02-15,0.0,0.0
2024-02-16,-0.0019470363940146118,-0.004979857636436491
2024-02-20,-0.01076124305598214,-0.010457800978469156
2024-02-21,-0.012714506474030052,-0.009561509056021378
2024-02-22,0.0,0.0
2024-02-23,0.0,0.0
2024-02-26,-0.0031648880077068675,-0.0036624294080085384
2024-02-27,-0.0006926965519686856,-0.0018116105341140498
2024-02-28,-0.0010539917022031053,-0.0031308013678340574
2024-02-29,0.0,0.0
2024-03-01,0.0,0.0
2024-03-04,-0.006399618799400542,-0.001072394746922778
2024-03-05,-0.010580957747486353,-0.011055895190365539
2024-03-06,-0.0003953629589635854,-0.0060446402121432374
2024-03-07,0.0,0.0
2024-03-08,-0.0054913120789770176,-0.006002256983116405
2024-03-11,-0.004021654900482008,-0.006856955182737767
2024-03-12,0.0,0.0
2024-03-13,-0.0013786779856971298,-0.001567445672765011
2024-03-14,-0.007270865076575483,-0.003541315591278682
2024-03-15,-0.010753060878951448,-0.010383478083794029
2024-03-18,-0.006855572589578474,-0.00450203746093214
2024-03-19,0.0,0.0
2024-03-20,0.0,0.0
2024-03-21,0.0,0.0
2024-03-22,-0.002021785312716795,-0.0018954917419440331
2024-03-25,-0.004854006491035956,-0.004653185592251585
2024-03-26,-0.0064997483980510085,-0.006491508479548047
2024-03-27,0.0,0.0
2024-03-28,-0.00027638614234937187,-0.0001910261221800269
2024-04-01,-0.0033181362699676864,-0.00193057679312858
2024-04-02,-0.006613006798993237,-0.00827638450469248
2024-04-03,-0.006898746970479874,-0.007186812612934412
2024-04-04,-0.023490664436604414,-0.019305230166161813
2024-04-05,-0.011544126175764613,-0.0090600875445771
2024-04-08,-0.012315107879962928,-0.008505771205677193
2024-04-09,-0.013533815168599528,-0.007358837700752852
2024-04-10,-0.021739147549586613,-0.017298290725505372
2024-04-11,-0.023677723109375437,-0.009882031659905643
2024-04-12,-0.043557124198629116,-0.023548675003499775
2024-04-15,-0.047454516877420194,-0.03578169627969885
2024-04-16,-0.04913174198531867,-0.03754030773668926
2024-04-17,-0.048973537340195494,-0.04323637567578387
2024-04-18,-0.0467853591309384,-0.04520519354435648
2024-04-19,-0.05437723059495514,-0.05353887991053474
2024-04-22,-0.038689536033920446,-0.04482278278991447
2024-04-23,-0.022906407143046148,-0.03348800852489153
2024-04-24,-0.026679299378115195,-0.03394678192686129
2024-04-25,-0.03604950767754678,-0.03761678988757766
2024-04-26,-0.030347312788056025,-0.028499280978154018
2024-04-29,-0.035059076445354664,-0.02505865971842247
2024-04-30,-0.04574491715826978,-0.04050303505672903
2024-05-01,-0.04560376355566431,-0.043618607175184954
2024-05-02,-0.0383677461932217,-0.03467312335357975
2024-05-03,-0.026427376724383222,-0.02270755059876861
2024-05-06,-0.013907163340987405,-0.01261531252728032
2024-05-07,-0.01081986037196192,-0.011525740635522363
2024-05-08,-0.010532459874860178,-0.011430317201952978
2024-05-09,-0.003615143257491682,-0.00573424926285826
2024-05-10,-0.0012033859620571574,-0.004453471993879354
2024-05-13,-0.003175638826388716,-0.004319867236546204
2024-05-14,0.0,0.0
2024-05-15,0.0,0.0
2024-05-16,-0.0021385107593440145,-0.002057426680129537
2024-05-17,0.0,-0.0006229870049559993
2024-05-20,-0.0043289690117860324,0.0
2024-05-21,0.0,0.0
2024-05-22,-0.004852535410780456,-0.0028794101115628967
2024-05-23,-0.00414573084964609,-0.010162533946788455
2024-05-24,0.0,-0.003613382009075572
2024-05-28,0.0,-0.0029169441024744502
2024-05-29,-0.0056184371737402206,-0.00989909004192624
2024-05-30,-0.017673150262828452,-0.01646718546721515
2024-05-31,-0.007190332097292029,-0.007509033749176219
2024-06-03,0.0,-0.006699993869840215
2024-06-04,0.0,-0.005589387787662825
2024-06-05,0.0,0.0
2024-06-06,0.0,-1.8826212542566445e-05
2024-06-07,0.0,-0.0012343447180077627
2024-06-10,0.0,0.0
2024-06-11,-0.006776454549815458,0.0
2024-06-12,-0.0014128128843472476,0.0
2024-06-13,-0.0007909962603064313,0.0
2024-06-14,0.0,0.0
2024-06-17,0.0,0.0
2024-06-18,0.0,0.0
2024-06-20,0.0,-0.002716644815418001
2024-06-21,-0.007470360763180639,-0.0040537087051863985
2024-06-24,-0.00466581682539513,-0.0072911587134733
2024-06-25,0.0,-0.003468273058310767
2024-06-26,-0.002458733779808542,-0.002224564268774043
2024-06-27,-0.006460708156872608,-0.0006516619145613411
2024-06-28,-0.010168076386163905,-0.004584316753513007
2024-07-01,0.0,-0.0025355199628311897
2024-07-02,0.0,0.0
2024-07-03,0.0,0.0
2024-07-05,0.0,0.0
2024-07-08,-0.0002703912353583249,0.0
2024-07-09,0.0,0.0
2024-07-10,0.0,0.0
2024-07-11,-0.016373331730695107,-0.00862272348431481
2024-07-12,-0.01773229164998702,-0.0023694559344146215
2024-07-15,-0.008574101079252272,0.0
2024-07-16,-0.0032723354253387793,0.0
2024-07-17,-0.017972536148341267,-0.014020955362313514
2024-07-18,-0.028628008805789862,-0.021598129641955732
2024-07-19,-0.03609948621905956,-0.028095419504976626
2024-07-22,-0.025609849919835503,-0.018075155674694643
2024-07-23,-0.0239155613339902,-0.019615215602322045
2024-07-24,-0.05500986512987982,-0.04183327480465737
2024-07-25,-0.06276535477665202,-0.046825588847578814
2024-07-26,-0.05233009571745906,-0.036150421676771294
2024-07-29,-0.05558912744055389,-0.035583890569358956
2024-07-30,-0.056345854598682465,-0.04047006967063882
2024-07-31,-0.043013521993899406,-0.024873308308876685
2024-08-01,-0.05650924801891721,-0.03868199378790649
2024-08-02,-0.07750708620193059,-0.05658018434160983
2024-08-05,-0.1096817250966613,-0.08405606043204428
2024-08-06,-0.10239158632783252,-0.0756113267827554
2024-08-07,-0.10577329223300147,-0.08179010149346877
2024-08-08,-0.08727059709049645,-0.06056344414725923
2024-08-09,-0.08550587901257012,-0.05642098192914702
2024-08-12,-0.08199632425442682,-0.05592528100108396
2024-08-13,-0.06560946709526572,-0.040399349818671215
2024-08-14,-0.05836479101679959,-0.03737196645209062
2024-08-15,-0.05078443749758621,-0.020872396122080472
2024-08-16,-0.045752063662287346,-0.018676991544398835
2024-08-19,-0.034334687175035405,-0.009294419983024715
2024-08-20,-0.04065020561580268,-0.010905310090001508
2024-08-21,-0.04039734314992882,-0.007506123445528368
2024-08-22,-0.044480713781642534,-0.015295898590600654
2024-08-23,-0.03062429346591211,-0.004833001303076512
2024-08-26,-0.031024639500149997,-0.007205260674367109
2024-08-27,-0.031673430254135604,-0.005841945212966326
2024-08-28,-0.035194434551659715,-0.011613280901348055
2024-08-29,-0.03768760488284806,-0.011524908668234746
2024-08-30,-0.03081735253065998,-0.0020889386538931465
2024-09-03,-0.056160365019882086,-0.022624946587755823
2024-09-04,-0.05860000447301872,-0.024625513008535882
2024-09-05,-0.060305674547241006,-0.026997772379826368
2024-09-06,-0.0785517866116161,-0.04337344505966623
2024-09-09,-0.07067943855025105,-0.03266286279918407
2024-09-10,-0.07835571042708789,-0.02844946007434046
2024-09-11,-0.07107073909624118,-0.018482374042261385
2024-09-12,-0.0677379735542134,-0.01021488133241899
2024-09-13,-0.06351208893724647,-0.00504538151374212
2024-09-16,-0.060293440087439976,-0.0035760414380818784
2024-09-17,-0.061393007601662886,-0.0031688230705145815
2024-09-18,-0.06202102733302073,-0.006125265930363666
2024-09-19,-0.04544665450436125,0.0
2024-09-20,-0.04735095733121619,-0.001728744783286995
2024-09-23,-0.051194425272344746,0.0
2024-09-24,-0.04792303761751182,0.0
2024-09-25,-0.05049433597328601,-0.0022053441996479073
2024-09-26,-0.04647992750213037,0.0
2024-09-27,-0.044675462729777404,-0.0014504715688140601
2024-09-30,-0.03936714756646564,0.0
2024-10-01,-0.04780135714193401,-0.008958539952465538
2024-10-02,-0.04674461563871868,-0.008540239417770601
2024-10-03,-0.04456485121709153,-0.010352802878877743
2024-10-04,-0.03587308059129801,-0.0013597203764333932
2024-10-07,-0.043915415930463,-0.010387561996567762
2024-10-08,-0.03521260684972349,-0.0010283717778916124
2024-10-09,-0.028889400068134896,0.0
2024-10-10,-0.029218358804142253,-0.0017500612795954273
2024-10-11,-0.022918944981757283,0.0
2024-10-14,-0.012318614957531504,0.0
2024-10-15,-0.02486720172414525,-0.007769521491596709
2024-10-16,-0.015276776058249952,-0.003456901176028926
2024-10-17,-0.017401342316286428,-0.0033715206505506856
2024-10-18,-0.0124697626372553,0.0
2024-10-21,-0.013974254933729835,-0.0016423111557383185
2024-10-22,-0.009042558748945995,-0.0021725312007768727
2024-10-23,-0.01932887000406669,-0.011289999118956895
2024-10-24,-0.017021009691057576,-0.00915179565410873
2024-10-25,-0.01866329796412225,-0.009493903957371597
2024-10-28,-0.01167809106382256,-0.006431933679239332
2024-10-29,-0.006783111768711159,-0.004823950259429499
2024-10-30,-0.001299558137518364,-0.007834482072579085
2024-10-31,-0.0215759046296915,-0.02728406711614395
2024-11-01,-0.01964310271636449,-0.023178661199168782
2024-11-04,-0.02745298557472442,-0.025282643205908784
2024-11-05,-0.014275794659952878,-0.013496751777842042
2024-11-06,0.0,0.0
2024-11-07,-0.001012325178237683,0.0
2024-11-08,-0.0005100259773398452,0.0
2024-11-11,-0.006436615853192218,0.0
2024-11-12,-0.008498691626520172,-0.0031064475544430037
2024-11-13,-0.011022229754660495,-0.0026221870581978335
2024-11-14,-0.013272539429177388,-0.009035344167887982
2024-11-15,-0.020543357907588544,-0.021728115799167225
2024-11-18,-0.018571111635009574,-0.0177198666649373
2024-11-19,-0.014479846690319542,-0.014129158614249238
2024-11-20,-0.0180275587711346,-0.013795146499954614
2024-11-21,-0.012334559961123537,-0.008500862527399788
2024-11-22,-0.010741850264167963,-0.005427930323350316
2024-11-25,-0.008657235838639199,-0.0020541900673158864
2024-11-26,-0.003834387317437682,0.0
2024-11-27,-0.0038356999160563676,-0.003030059798531104
2024-11-29,0.0,0.0
2024-12-02,-0.004144143541812917,0.0
2024-12-03,-0.00373631179770495,0.0
2024-12-04,-0.0058696125933089816,0.0
2024-12-05,-0.007244291115602874,-0.0016454982831360931
2024-12-06,-0.013524418221573908,0.0
2024-12-09,-0.017603084944821545,-0.005149626292031972
2024-12-10,-0.024480351738450756,-0.008242734364778292
2024-12-11,-0.02603158935364669,-0.0005757923917310004
2024-12-12,-0.0298416512965064,-0.005725418683762862
2024-12-13,-0.032987059819881925,-0.005922903310218386
2024-12-16,-0.039204730994949255,-0.001678108236294551
2024-12-17,-0.04335856482904121,-0.005791349110296773
2024-12-18,-0.06477073254219823,-0.0354222204958784
2024-12-19,-0.06192706129170622,-0.035718549653277476
2024-12-20,-0.04559613491944314,-0.024136464738976793
2024-12-23,-0.036649754358050624,-0.018292780158314703
2024-12-24,-0.026514698078271115,-0.007381039022634872
2024-12-26,-0.024189162348649096,-0.007314904160669711
2024-12-27,-0.03230375838606492,-0.0177644167866019
2024-12-30,-0.039849461641731754,-0.028973407039120547
2024-12-31,-0.040940195799687884,-0.032505949071045204
2025-01-02,-0.041462428874704416,-0.03488322648174791
2025-01-03,-0.03384696046418045,-0.022815914071699583
2025-01-06,-0.025381119342136604,-0.01718678447599109
2025-01-07,-0.029373245946272886,-0.028296419108988502
2025-01-08,-0.029803813963972137,-0.02687681947533671
2025-01-10,-0.044896216548650725,-0.041733959996074654
2025-01-13,-0.038888420429598836,-0.04024812328274219
2025-01-14,-0.03978695654824038,-0.03892757261546509
2025-01-15,-0.01867601444604905,-0.021445685594661756
2025-01-16,-0.02272902518040454,-0.023327615955776593
2025-01-17,-0.018096600553299202,-0.013521870502420708
2025-01-21,-0.014089546615167592,-0.004492161945571227
2025-01-22,-0.01712670550486406,0.0
2025-01-23,-0.006694749077925,0.0
2025-01-24,-0.005257238533971753,-0.002919177000467954
2025-01-27,0.0,-0.01702325186528353
2025-01-28,0.0,-0.008577176922476837
2025-01-29,0.0,-0.013021645739094145
2025-01-30,0.0,-0.007724455525659035
2025-01-31,0.0,-0.01300529607315537
2025-02-03,0.0,-0.019647424023813143
2025-02-04,0.0,-0.013070796287630637
2025-02-05,0.0,-0.009069190161441254
2025-02-06,0.0,-0.005625097488691333
2025-02-07,-0.0071425664411221,-0.014727190083450359
2025-02-10,-0.00961019466572921,-0.008036114685696538
2025-02-11,-0.008914374411027048,-0.007281694385951276
2025-02-12,-0.010964037549837213,-0.010479628113138961
2025-02-13,-0.006036271578304775,-3.280088259771663e-05
2025-02-14,-0.0033260536739205815,-8.205298185426368e-05
2025-02-18,-0.0051918365705507785,0.0
2025-02-19,-0.004630137644122678,0.0
2025-02-20,-0.02178609364302264,-0.004160364041450926
2025-02-21,-0.03789759870177656,-0.021193287611961042
2025-02-24,-0.04167950190860814,-0.025647327974826606
2025-02-25,-0.04700666300565548,-0.030492835742398583
2025-02-26,-0.047534672140762346,-0.030003577254400393
2025-02-27,-0.052190223347019504,-0.04548659297381186
2025-02-28,-0.03218269872627022,-0.03059072784953687
2025-03-03,-0.05322440047201571,-0.047574755878400876
2025-03-04,-0.07320216331730367,-0.05884851201471564
2025-03-05,-0.06346255957956348,-0.04873319632479278
2025-03-06,-0.08459421778045773,-0.06561913019882604
2025-03-07,-0.08250634922271705,-0.060382155026547535
2025-03-10,-0.11562649520793855,-0.0854092976084726
2025-03-11,-0.11801179496912395,-0.09301235228672022
2025-03-12,-0.10758056963296647,-0.08819937419768131
2025-03-13,-0.12071124948743794,-0.10035405827439359
2025-03-14,-0.09861743895507569,-0.08177112582893853
2025-03-17,-0.09195680302786347,-0.07469046546030056
2025-03-18,-0.09873706250850933,-0.08469162420381848
2025-03-19,-0.08940889499666771,-0.07472319718652642
2025-03-20,-0.08579933113644955,-0.07739881375779112
2025-03-21,-0.08392504915311738,-0.07709442890866058
2025-03-24,-0.06438569394230231,-0.060566523546183415
2025-03-25,-0.06280392048431138,-0.05830823648429728
2025-03-26,-0.07797062123519205,-0.06955037215669635
2025-03-27,-0.08742421045038351,-0.07202141543905005
2025-03-28,-0.10798448109350323,-0.09070941268473587
2025-03-31,-0.10026769474773989,-0.08460545086285964
2025-04-01,-0.10644272024842649,-0.08201994756256203
2025-04-02,-0.10092221312504712,-0.07621067230056422
2025-04-03,-0.14753265652887382,-0.12173575535984515
2025-04-04,-0.20199958871902568,-0.17315194299668824
2025-04-07,-0.19845660069394522,-0.1746246686291556
2025-04-08,-0.21226796639259238,-0.1875523366664129
2025-04-09,-0.14122447122133852,-0.10222966700620761
2025-04-10,-0.1707413879645796,-0.14156905995189428
2025-04-11,-0.1518025140346041,-0.12625243050746382
2025-04-14,-0.1433686918417787,-0.11777562058191127
2025-04-15,-0.142124538401889,-0.12024666386426497
2025-04-16,-0.16439206877913026,-0.1398018498072412
2025-04-17,-0.16347579322522243,-0.13857451109762087
2025-04-21,-0.1812218180814874,-0.15907876556537526
2025-04-22,-0.15922456580368827,-0.13719987961998437
2025-04-23,-0.14466832668885032,-0.1238304848144487
2025-04-24,-0.1275094524038567,-0.1053879755154562
2025-04-25,-0.11830265469195167,-0.09892406572894286
2025-04-28,-0.11666704509218628,-0.09858058465126496
2025-04-29,-0.11240898086276696,-0.09290213527032398
2025-04-30,-0.11128331060434415,-0.09254218730568686
2025-05-01,-0.10732973191862982,-0.08611100924539927
2025-05-02,-0.09747931934716025,-0.07254512305866256
2025-05-05,-0.10412814000921744,-0.07786332140342733
2025-05-06,-0.12067722164167682,-0.08557103678652023
2025-05-07,-0.125255161522125,-0.08172526100268374
2025-05-08,-0.12109727412564109,-0.0753270167163147
2025-05-09,-0.1268125726376016,-0.07650515681275016
2025-05-12,-0.0982606037165561,-0.045986054870293946
2025-05-13,-0.10319504285706005,-0.03968580371490937
2025-05-14,-0.11059695684032167,-0.038458566029135555
2025-05-15,-0.10093179025588273,-0.03376206843496787
2025-05-16,-0.0937622910072714,-0.027641841773825226
2025-05-19,-0.09132479679482042,-0.026578262719180068
2025-05-20,-0.09133951530377182,-0.02985103124637256
2025-05-21,-0.10245766667909373,-0.046198811090761516
2025-05-22,-0.09955213166362886,-0.045822497263011464
2025-05-23,-0.10417713188375355,-0.052335504638863495
2025-05-27,-0.08934815329009926,-0.03263292490402481
2025-05-28,-0.09688437129856409,-0.03822954496940145
2025-05-29,-0.0934029816344929,-0.034432967798749825
2025-05-30,-0.09093777000113556,-0.035513013740354205
2025-06-02,-0.08681812541870082,-0.030080153329952952
2025-06-03,-0.08395712382317988,-0.024549097740874326
2025-06-04,-0.0815287971108194,-0.024810850526834072
2025-06-05,-0.08208538319339365,-0.029523815007960974
2025-06-06,-0.06906866243910448,-0.019558014610674745
2025-06-09,-0.06822670308053258,-0.018674359026425225
2025-06-10,-0.06203264310530876,-0.013110470687274445
2025-06-11,-0.06274023691769826,-0.015925096071152556
2025-06-12,-0.06029614704502806,-0.012014159906403754
2025-06-13,-0.07409159407367216,-0.023059804197601785
2025-06-16,-0.06358179056437374,-0.013765105211790418
2025-06-17,-0.07013273371348061,-0.022192514476465197
2025-06-18,-0.07109613194372333,-0.022339908268327546
2025-06-20,-0.07715371366615309,-0.024635877224911784
2025-06-23,-0.06871759037712166,-0.015001940162970295
2025-06-24,-0.05531256482663227,-0.004120358598286744
2025-06-25,-0.04835863559232123,-0.003562403894752819
2025-06-26,-0.03695818084023694,0.0
2025-06-27,-0.03384899214083925,0.0
2025-06-30,-0.026596985754857472,0.0
2025-07-01,-0.024624612800697165,-0.00032357971617447134
2025-07-02,-0.024984803289811452,0.0
2025-07-03,-0.015823261390534138,0.0
2025-07-07,-0.02332352820151551,-0.007452114780816754
2025-07-08,-0.0308534435123905,-0.00799574935444003
2025-07-09,-0.026780892577508375,-0.0020470701118314727
2025-07-10,-0.0230932382263912,0.0
2025-07-11,-0.02680579546747741,-0.0035153258608029425
2025-07-14,-0.023719111830666995,-0.001613817932460071
2025-07-15,-0.03126000508102089,-0.005880186804737009
2025-07-16,-0.025735586790874287,-0.002556654274522674
2025-07-17,-0.022556677446246898,0.0
2025-07-18,-0.023052749618719837,-0.0007324129021105685
2025-07-21,-0.022014196183924195,0.0
2025-07-22,-0.023439033681476595,0.0
2025-07-23,-0.009314151236369694,0.0
2025-07-24,-0.010387422497255216,0.0
2025-07-25,-0.00674936501503498,0.0
2025-07-28,-0.0073254578651557045,-0.0002510035553040524
2025-07-29,-0.017042269258622955,-0.002887990098209281
2025-07-30,-0.01255536901758203,-0.004143684173762208
2025-07-31,-0.01264736900038066,-0.00787936680247081
2025-08-01,-0.034118669704393256,-0.02414059058875817
2025-08-04,-0.012792635958636,-0.00930780697382183
2025-08-05,-0.016016964601453854,-0.014330486661885744
2025-08-06,-0.015414158960427637,-0.006780574102519865
2025-08-07,-0.01994257039244962,-0.007612518526970646
2025-08-08,-0.006965950365151463,0.0
2025-08-11,-0.00634359393619377,-0.001977539647394999
2025-08-12,0.0,0.0
2025-08-13,-0.00040809590862789236,0.0
2025-08-14,0.0,0.0
2025-08-15,0.0,-0.002341289856780615
2025-08-18,0.0,-0.002558316317498033
2025-08-19,-0.010200205020069242,-0.007969662105834274
2025-08-20,-0.012542273642634383,-0.01060556967775772
2025-08-21,-0.013934309928733235,-0.014574844304510837
2025-08-22,0.0,0.0
2025-08-25,-0.0010395987348693625,-0.004401062092461827
2025-08-26,0.0,-0.0002324531495303539
2025-08-27,0.0,0.0
2025-08-28,0.0,0.0
2025-08-29,-0.001451304601639336,-0.00596377589262187
2025-09-02,-0.008980619084911878,-0.01332987810650288
2025-09-03,-0.001063780996971908,-0.007982560463465793
2025-09-04,0.0,0.0
2025-09-05,-0.009991549883138884,-0.002896432414554173
2025-09-08,-0.007806867355051206,-0.00044672100523723834
2025-09-09,0.0,0.0
2025-09-10,0.0,0.0
2025-09-11,0.0,0.0
2025-09-12,0.0,-0.0003346129431468503
2025-09-15,0.0,0.0
2025-09-16,-0.004464813982149263,-0.0013768857905646081
2025-09-17,-0.0025956207777718676,-0.0026176103916132343
2025-09-18,0.0,0.0
2025-09-19,0.0,0.0
2025-09-22,0.0,0.0
2025-09-23,-0.0024255103595024474,-0.0054434748398076716
2025-09-24,-0.006203099220042918,-0.008607789150772427
2025-09-25,-0.008401542007533847,-0.0131815746256162
2025-09-26,-0.003752025780188961,-0.007527949402636458
2025-09-29,0.0,-0.004738739257868274
2025-09-30,-0.00022062492590924077,-0.0009897226981468998
2025-10-01,0.0,0.0
2025-10-02,-0.003025456265655313,0.0
2025-10-03,0.0,-1.4767362221612679e-05
2025-10-06,-0.0013851754458577004,0.0
2025-10-07,-0.0036165485563955935,-0.003707492250962008
2025-10-08,-0.0037558592349139497,0.0
2025-10-09,-0.003619931243930785,-0.0028970083792374535
2025-10-10,-0.026417878566100672,-0.029846536434430804
2025-10-13,-0.010793824318035217,-0.014960429225605365
2025-10-14,-0.016037855406647705,-0.01616380754883695
2025-10-15,-0.004290974377301526,-0.011795952778617447
2025-10-16,-0.012952328950089687,-0.01852587979257303
2025-10-17,-0.008279543363948094,-0.012954737891780699
2025-10-20,0.0,-0.002688997924911063
2025-10-21,-0.008978821739494824,-0.0027039535209258947
2025-10-22,-0.016638840642370423,-0.007888712127119057
2025-10-23,-0.012377589302746461,-0.0020056001411663527
2025-10-24,0.0,0.0
2025-10-27,0.0,0.0
2025-10-28,0.0,0.0
2025-10-29,-0.001100566328940178,0.0
2025-10-30,0.0,-0.010998144919191377
2025-10-31,-0.005679940266926975,-0.007753941310008061
2025-11-03,-0.012165737528458509,-0.005891805943580852
2025-11-04,-0.019006545981696488,-0.017675507128943058
2025-11-05,-0.01561115065598273,-0.014271370443402764
2025-11-06,-0.021308445329613845,-0.024847581367180016
2025-11-07,-0.024251102320907547,-0.02388753641803809
2025-11-10,-0.010737749195385726,-0.008655853130892677
2025-11-11,0.0,-0.006386517972065908
2025-11-12,0.0,-0.005833672815323432
2025-11-13,-0.016065153928857323,-0.02233089019411061
2025-11-14,-0.02456475025565208,-0.022490823270467586
2025-11-17,-0.027079034297924354,-0.03159781090820335
2025-11-18,-0.03150787058226745,-0.039729930095582455
2025-11-19,-0.026915435423061074,-0.03602021496934249
2025-11-20,-0.03750258328949874,-0.0507135194081596
2025-11-21,-0.024005429469075357,-0.041257465106281255
2025-11-24,-0.010410195862964544,-0.027146206335635137
2025-11-25,0.0,-0.017995641176256627
2025-11-26,0.0,-0.011216300422004832
2025-11-28,0.0,-0.005819117208709201
2025-12-01,-0.00782841648768351,-0.01035796612276263
2025-12-02,-0.004912482021076303,-0.008524941969564104
2025-12-03,0.0,-0.0050916940707952385
2025-12-04,0.0,-0.004364360231081554
2025-12-05,0.0,-0.0024731136514259955
2025-12-08,-0.0013146475682804803,-0.005469961246366339
2025-12-09,-0.008223021364767269,-0.00632838484380871
2025-12-10,0.0,0.0
2025-12-11,0.0,0.0
2025-12-12,-0.005583096557632561,-0.010752057995096376
2025-12-15,-0.004363831454030076,-0.012246611691792086
2025-12-16,-0.010877121246423815,-0.014945447899395115
2025-12-17,-0.020948538252553384,-0.025784613970496584
2025-12-18,-0.01601281908204588,-0.01842798958835845
2025-12-19,-0.00407351292016056,-0.00953156518783671
2025-12-22,0.0,-0.003361053533880498
2025-12-23,0.0,0.0
2025-12-24,0.0,0.0
2025-12-26,-0.0005313013694726587,-0.00010141503224325721
2025-12-29,-0.007897213218840404,-0.003664681833828509
2025-12-30,-0.009712277849744932,-0.004881307622731312
2025-12-31,-0.014904304432089566,-0.012254109547205627
2026-01-02,-0.005471881068801143,-0.010443532083451834
2026-01-05,0.0,-0.0038529733797063592
2026-01-06,0.0,0.0
2026-01-07,-0.005842670893228097,-0.0032233567922274053
2026-01-08,-0.0031360014397801006,-0.003324562198152914
2026-01-09,-0.001258979811419536,0.0
2026-01-12,-0.002751515671931548,0.0
2026-01-13,-0.010356613038493445,-0.0019994751058701743
2026-01-14,-0.013817678442443415,-0.006904884552784929
2026-01-15,-0.0011825204015669666,-0.004200473637276048
2026-01-16,-0.008825851953417452,-0.005034828160561222
2026-01-20,-0.020091637581425292,-0.02528912096608682
2026-01-21,-0.011843422396291547,-0.014039905512013395
2026-01-22,-0.002082230476697422,-0.008890009148230127
2026-01-23,-0.00659220810244765,-0.008530454028139567
2026-01-26,0.0,-0.0034956258675783447
2026-01-27,-0.01223801349903908,0.0
2026-01-28,-0.01023518876826468,-0.0001006699036497638
2026-01-29,-0.0048769072681493775,-0.0020848525850296618
2026-01-30,-0.0074556168313222315,-0.005061214605266762
2026-02-02,0.0,-0.00011501360495635993
2026-02-03,-0.008388431081795766,-0.008569437550032033
2026-02-04,-0.006371757961074587,-0.013371849544604686
2026-02-05,-0.017450576491843672,-0.02569405694695759
2026-02-06,0.0,-0.007002278184558675
2026-02-09,0.0,-0.002214209891292618
2026-02-10,-0.005142473197322639,-0.004845531096659861
2026-02-11,-0.008795751413445907,-0.005075470308405716
2026-02-12,-0.027571546615501985,-0.02044593423386487
2026-02-13,-0.02946003017584775,-0.019755852604124824
2026-02-17,-0.026411096428996417,-0.018174261539177117
2026-02-18,-0.016931802640083538,-0.013228060538866715
2026-02-19,-0.023832505984852315,-0.015830606343452902
2026-02-20,-0.018204342374980698,-0.008713226555769449
2026-02-23,-0.028525515376688015,-0.018835567768135997
2026-02-24,-0.023195069628929144,-0.011704020275480898
2026-02-25,-0.011901923397393821,-0.0033644339390269673
2026-02-26,-0.018297822871085723,-0.008900222661762491
2026-02-27,-0.036670657518151906,-0.01365942755607985
2026-03-02,-0.03422794929890649,-0.013098615234435673
2026-03-03,-0.037813911849782,-0.021797498088899192
2026-03-04,-0.033648886591350236,-0.014895977806157368
2026-03-05,-0.04829309749667565,-0.020388471430470068
2026-03-06,-0.05934936413537939,-0.033228372052379496
2026-03-09,-0.052604792865381333,-0.02475942840966172
2026-03-10,-0.049870023850611234,-0.026326763771470252
2026-03-11,-0.05077683738982108,-0.02754888232207353
2026-03-12,-0.06870223533018005,-0.042315502821968276
2026-03-13,-0.07800636549801876,-0.04773610194341227
2026-03-16,-0.06958347021207945,-0.038045039750091214
2026-03-17,-0.06736792544734715,-0.03551456444470913
2026-03-18,-0.07916640885383586,-0.048972652193489785
2026-03-19,-0.08174163480620755,-0.05131630738921389
2026-03-20,-0.08758653844398556,-0.0649164241803818
2026-03-23,-0.08455286553378849,-0.05509802863865054
2026-03-24,-0.08662803912722483,-0.05826992258713093
2026-03-25,-0.07942072287908564,-0.05302188787220585
2026-03-26,-0.08617132486221035,-0.06993372770005324
2026-03-27,-0.10408538996345296,-0.08579310944428775
2026-03-30,-0.09959082765353688,-0.08884972579330896
2026-03-31,-0.07610437281677118,-0.062364477322123024
2026-04-01,-0.06924210949951781,-0.055299896434955365
2026-04-02,-0.06796110254029586,-0.054449218149480005
2026-04-06,-0.06441261199571269,-0.0499797912208263
2026-04-07,-0.05989872451868261,-0.0495617119269095
2026-04-08,-0.04044405160894038,-0.025354472018473295
2026-04-09,-0.038728721778097164,-0.01973165310805436
2026-04-10,-0.04534459560666515,-0.020380375599057254
2026-04-13,-0.033880189271841665,-0.010807142952053983
2026-04-14,-0.028232960251167172,0.0
2026-04-15,-0.020115255785990493,0.0
2026-04-16,-0.022702256200798465,0.0
2026-04-17,-0.009831875305829518,0.0
2026-04-20,-0.013497354195688982,-0.001999667552905815
