Date,Strategy,SPY_Benchmark
2020-02-04,1.0187551984738832,1.01524164867173
2020-02-05,1.0368777841700987,1.0269655658357106
2020-02-06,1.0418966060050718,1.0304209645794324
2020-02-07,1.0415676955071076,1.0249290874658494
2020-02-10,1.0541123237606609,1.0325806660662802
2020-02-11,1.0566907007449455,1.0343701830553584
2020-02-12,1.0699369105892995,1.0410343282501051
2020-02-13,1.063065311943556,1.0399235686980726
2020-02-14,1.0683344895046145,1.0415897595408024
2020-02-18,1.065874354103496,1.038905432542504
2020-02-19,1.0807214430616623,1.0438726841446362
2020-02-20,1.0673041763727347,1.0395842930089116
2020-02-21,1.050689505423235,1.0288785120004995
2020-02-24,1.002918504567128,0.9947552903259241
2020-02-25,0.9695647179913509,0.9646120929065212
2020-02-26,0.9692316466737042,0.9610639677369734
2020-02-27,0.9226191520664492,0.9179010528673535
2020-02-28,0.9255246616714263,0.9140443547585295
2020-03-02,0.9735218316968405,0.9536283386793551
2020-03-03,0.9422046678155243,0.9263238062425695
2020-03-04,0.9924720164387951,0.965259838505596
2020-03-05,0.9644866279798435,0.9331729921715198
2020-03-06,0.9494956747720286,0.9177467148830342
2020-03-09,0.8912993791827387,0.8460757300840892
2020-03-10,0.9343144757053182,0.8898559453763046
2020-03-11,0.8927171939433017,0.8464768749051482
2020-03-12,0.8187651407969728,0.765488172177724
2020-03-13,0.9015910948280469,0.830926653294142
2020-03-16,0.7889829520937054,0.7400038079652201
2020-03-17,0.8370566265266869,0.7799582854719014
2020-03-18,0.7998219678807464,0.7404665643447725
2020-03-19,0.797928964997028,0.7420401833057194
2020-03-20,0.7675626184421075,0.7100624965807127
2020-03-23,0.7411454809844953,0.6919074351242135
2020-03-24,0.8065722339896523,0.7545964746855309
2020-03-25,0.8103947223858928,0.7658929745411353
2020-03-26,0.8646268692653104,0.8106132812471825
2020-03-27,0.8334060785391902,0.7864687108585011
2020-03-30,0.874247683266941,0.8120097927348018
2020-03-31,0.8691030275699988,0.7999064699451499
2020-04-01,0.8294046259965656,0.763906671470582
2020-04-02,0.8534098085088351,0.7815342741081749
2020-04-03,0.8395153369419377,0.7702378257672516
2020-04-06,0.8940487282746813,0.8219717532640471
2020-04-07,0.88561747301414,0.8228097425801083
2020-04-08,0.9191221510532499,0.8504301115261931
2020-04-09,0.925805896479535,0.8633713721172251
2020-04-13,0.923675418699572,0.855488750172445
2020-04-14,0.9559339567043944,0.8807196106396769
2020-04-15,0.9487456649408623,0.8620058724675763
2020-04-16,0.9615648354443316,0.8661645496365067
2020-04-17,0.9744650065484296,0.8895642692524008
2020-04-20,0.9590998692421834,0.8738922669354766
2020-04-21,0.9243478896543359,0.8473577759504942
2020-04-22,0.947647832670004,0.8661645496365067
2020-04-23,0.9539734761617771,0.8661025259605654
2020-04-24,0.9679425503903505,0.8781747853975655
2020-04-27,0.982734070867176,0.8908366818734565
2020-04-28,0.9653354399007364,0.8867401314098297
2020-04-29,0.9876120578528971,0.9099535739391756
2020-04-30,0.9846217807861786,0.9014814694995478
2020-05-01,0.9664835341135601,0.8776164692847316
2020-05-04,0.974002947603884,0.8800368350575122
2020-05-05,0.9889820877591072,0.8881677062501008
2020-05-06,0.9886521392430934,0.882147082450586
2020-05-07,0.9926915371699262,0.8927919731060392
2020-05-08,1.0045357961316448,0.9075638078869179
2020-05-11,1.0196105146402352,0.907750084973466
2020-05-12,1.0049569784437435,0.8896574077956751
2020-05-13,0.987844432784147,0.8739232787734474
2020-05-14,1.0040312969798706,0.8843817893129906
2020-05-15,1.0149096195967535,0.8884470188505609
2020-05-18,1.0340924356466692,0.9155086080516825
2020-05-19,1.0280638115071072,0.9061056333261244
2020-05-20,1.0449983173383088,0.9214982200132266
2020-05-21,1.0392188583098227,0.9151363629666724
2020-05-22,1.0436092478891026,0.9168744683040982
2020-05-26,1.0472028545451784,0.9281708136156597
2020-05-27,1.0539492662590422,0.9419809723313616
2020-05-28,1.0497184759637292,0.9402431760820219
2020-05-29,1.0606586827602156,0.9444328650889229
2020-06-01,1.0651064566160473,0.9482501029520897
2020-06-02,1.0721978093609132,0.956101455485494
2020-06-03,1.0798951945195119,0.9688255816960503
2020-06-04,1.0764575059534007,0.966280756453939
2020-06-05,1.1036420328273586,0.9910460272341629
2020-06-08,1.1081638129984628,1.003025354186613
2020-06-09,1.116597387510552,0.9955460406794946
2020-06-10,1.121146951941149,0.989990903537626
2020-06-11,1.0528165343519162,0.9329188187353945
2020-06-12,1.0686302907195941,0.9440912197244352
2020-06-15,1.0806830546337889,0.9529050725579126
2020-06-16,1.0975872102513307,0.9712461535275548
2020-06-17,1.09556271895184,0.9672119358279553
2020-06-18,1.0938635496244438,0.9675841809129654
2020-06-19,1.0907536434573164,0.9620545950528798
2020-06-22,1.104472178337578,0.9682265689852149
2020-06-23,1.1147827706151614,0.9726838252453046
2020-06-24,1.085136352731312,0.9478719851934437
2020-06-25,1.1073118708416168,0.9580332560235337
2020-06-26,1.0597311045192255,0.9352789123313879
2020-06-29,1.0742166960359845,0.9490251928426321
2020-06-30,1.0944659938410828,0.9611817302977718
2020-07-01,1.101428808506974,0.9679143900182674
2020-07-02,1.1038521460308617,0.9732447170921892
2020-07-06,1.1248133162634406,0.9882692828981244
2020-07-07,1.1128795661076771,0.9780763820538915
2020-07-08,1.1267567345260787,0.9855573440308023
2020-07-09,1.1228748250821334,0.9799467770921622
2020-07-10,1.1354348942923753,0.9899524735855887
2020-07-13,1.1268528187664513,0.9813803276354307
2020-07-14,1.1414999570725028,0.9940981690549033
2020-07-15,1.1464865170053444,1.003231103822584
2020-07-16,1.137872940999505,0.9999270552116826
2020-07-17,1.1347373428657275,1.0028260954004489
2020-07-20,1.1506932559267065,1.010930281988272
2020-07-21,1.146849045395994,1.0130811229499852
2020-07-22,1.1508065559391438,1.018847676342737
2020-07-23,1.1297162158183833,1.0066910358582353
2020-07-24,1.123061419697506,1.0002076041644872
2020-07-27,1.1302922097560946,1.0075014648199538
2020-07-28,1.1230475111151093,1.0011114807575658
2020-07-29,1.1429578150687172,1.0134242107255413
2020-07-30,1.1383009342895436,1.0098080861770546
2020-07-31,1.1517576129058669,1.017787710266185
2020-08-03,1.1652928410301706,1.0248638698796848
2020-08-04,1.1627808501807473,1.028822257968831
2020-08-05,1.1694785462086714,1.035212035972495
2020-08-06,1.185166956469567,1.0421322091318832
2020-08-07,1.1873282192648724,1.0428805113882982
2020-08-10,1.1872472017113609,1.0459973556483935
2020-08-11,1.1757547277971796,1.0373629799635702
2020-08-12,1.1992244793901303,1.0518264478638968
2020-08-13,1.1983033307239948,1.0499248349289312
2020-08-14,1.2001545637126558,1.049956155854988
2020-08-17,1.2051448791645554,1.0532914223625842
2020-08-18,1.2041479635521752,1.0555669288523521
2020-08-19,1.2011863149299724,1.0511719023269277
2020-08-20,1.2082774805103427,1.0544446300117722
2020-08-21,1.2178145803402978,1.0581854200883138
2020-08-24,1.2270059648455978,1.0689079948827367
2020-08-25,1.2351687794464,1.0726485789005542
2020-08-26,1.2468969222547688,1.0834023715916719
2020-08-27,1.2484396774463666,1.0857713257128
2020-08-28,1.25846548814085,1.0927848434741863
2020-08-31,1.2572606596091083,1.0888261462969537
2020-09-01,1.2668134256886368,1.09908117384649
2020-09-02,1.2884837708069832,1.1149782953194471
2020-09-03,1.232656068842917,1.0766071730484246
2020-09-04,1.2228507281154677,1.0678168109094897
2020-09-08,1.1766315461556522,1.038640956170175
2020-09-09,1.2022645570477086,1.0591514233866957
2020-09-10,1.1784952268854239,1.0407604762058313
2020-09-11,1.1771315250031176,1.0412907683321935
2020-09-14,1.1950106223127002,1.0550059339761046
2020-09-15,1.199506501949288,1.0603360549913023
2020-09-16,1.1857164576775918,1.056127923728598
2020-09-17,1.1708367570253748,1.0468391055361679
2020-09-18,1.158058725318352,1.0347872459128495
2020-09-21,1.1502933536359263,1.0232705207959087
2020-09-22,1.1593647684389135,1.0336918377357593
2020-09-23,1.129120368123991,1.009719480925709
2020-09-24,1.140498265177928,1.0124107108912632
2020-09-25,1.1593020734207915,1.028778470489968
2020-09-28,1.1763768158217016,1.0458658901824438
2020-09-29,1.1746757247048543,1.0401700149320439
2020-09-30,1.188472721002225,1.048056294419176
2020-10-01,1.193520443187026,1.0547850390239146
2020-10-02,1.174622558005019,1.0447703789759915
2020-10-05,1.198911731629064,1.0632976340028197
2020-10-06,1.178458132904104,1.0481815781234027
2020-10-07,1.1945127268679547,1.0664267387569961
2020-10-08,1.2008298063751106,1.0758781372827078
2020-10-09,1.2116835882321948,1.085485934379979
2020-10-12,1.2424594237734976,1.1029486900383259
2020-10-13,1.2386897640858312,1.0957509557776322
2020-10-14,1.2271524994468146,1.0888658126013337
2020-10-15,1.2208278671712116,1.0875200430745136
2020-10-16,1.2281736365260927,1.086863024832856
2020-10-19,1.2046155465718373,1.0703388666625915
2020-10-20,1.2125687876782454,1.0746263305340578
2020-10-21,1.2130753205557023,1.0725923248688853
2020-10-22,1.2192163581626005,1.0784756105288158
2020-10-23,1.2307990459926679,1.0821372740553192
2020-10-26,1.2052470927479952,1.062139480944254
2020-10-27,1.2045614830111018,1.0584777143883886
2020-10-28,1.1501539669551242,1.022300190264321
2020-10-29,1.1703177109783114,1.032690289307477
2020-10-30,1.160865767956993,1.021924751269088
2020-11-02,1.1691024905979268,1.0333789375632776
2020-11-03,1.1907931921876234,1.051624098196871
2020-11-04,1.2308017937080558,1.07512715626288
2020-11-05,1.2570609472166667,1.0960951768761704
2020-11-06,1.2597994073629317,1.0958446094677163
2020-11-09,1.2791278040292244,1.109614586732227
2020-11-10,1.2660382871006666,1.10798713492962
2020-11-11,1.2802274212678468,1.1162180476327384
2020-11-12,1.2694128423869961,1.105389970771598
2020-11-13,1.2804535190057773,1.1206931279724592
2020-11-16,1.2905592583304466,1.1346826608074532
2020-11-17,1.2851283178715638,1.1285798195770396
2020-11-18,1.2704613714901491,1.1149976648395075
2020-11-19,1.2738124588961488,1.1196919916616255
2020-11-20,1.2603997763862944,1.1120243404807184
2020-11-23,1.2618071552733123,1.1186904432333435
2020-11-24,1.2832241852265756,1.136716769501988
2020-11-25,1.2864776163538258,1.1349642400538782
2020-11-27,1.2901147044356351,1.1381250778515595
2020-11-30,1.2854935767270224,1.1330863238721791
2020-12-01,1.3075539028663326,1.145479416742537
2020-12-02,1.3274710160796774,1.1478895826084767
2020-12-03,1.3188157824538627,1.1475763733479092
2020-12-04,1.3287178499647325,1.1574655436328811
2020-12-07,1.3309303734414837,1.1550873168691704
2020-12-08,1.3338399772925753,1.158467092061163
2020-12-09,1.321628920356018,1.1480770960473692
2020-12-10,1.3190095478998407,1.1477013479640503
2020-12-11,1.3075800190494202,1.1463560935840404
2020-12-14,1.293901554597527,1.1412230677384039
2020-12-15,1.3092405522238937,1.1566517147022162
2020-12-16,1.3087059263876735,1.1584670920611635
2020-12-17,1.310820606181578,1.164945166228086
2020-12-18,1.3020117997823328,1.1602940087086582
2020-12-21,1.3205787173017733,1.1561450162997586
2020-12-22,1.3082445553180095,1.1541967310637942
2020-12-23,1.3199662259353877,1.1552337215926138
2020-12-24,1.3205946615081625,1.159728068423034
2020-12-28,1.3353454035002175,1.1696909047018564
2020-12-29,1.333846136838971,1.1674595978083988
2020-12-30,1.3308750337846924,1.1691252735043183
2020-12-31,1.3409986367423943,1.1750653283427266
2021-01-04,1.3327563420689605,1.1590683714179635
2021-01-05,1.3404033695786788,1.1670508803292305
2021-01-06,1.372456239951689,1.1740281317551828
2021-01-07,1.3949808666992922,1.1914714148641061
2021-01-08,1.396558600727268,1.1982601225575458
2021-01-11,1.4024698750629088,1.1901828266332122
2021-01-12,1.4029177377557562,1.1904341152472002
2021-01-13,1.4043080019705547,1.1936399768760884
2021-01-14,1.4042205558481564,1.189459972629218
2021-01-15,1.390227391775505,1.1807854154932036
2021-01-19,1.394335639930405,1.1900572338408992
2021-01-20,1.3976427308311967,1.2065257561556681
2021-01-21,1.3922632363361944,1.2076259036834116
2021-01-22,1.386087980379834,1.2033514215115608
2021-01-25,1.380224621602743,1.2080971599853312
2021-01-26,1.3773987042359055,1.2062116196308421
2021-01-27,1.3300971555393755,1.1767311070680084
2021-01-28,1.3454351216695482,1.186851372212011
2021-01-29,1.3207363706367037,1.1630910498290161
2021-02-01,1.339299073431003,1.1824510911891233
2021-02-02,1.3668421368193264,1.1991711081766043
2021-02-03,1.3854875372644557,1.2001143419859779
2021-02-04,1.405879155125262,1.2137545022543323
2021-02-05,1.4102470541484065,1.2185314586247975
2021-02-08,1.4275012320028215,1.2273320206705733
2021-02-09,1.42320466456912,1.2265144826828749
2021-02-10,1.428593249354342,1.2259801724113935
2021-02-11,1.4301853195298042,1.2279601906908628
2021-02-12,1.4376294890710142,1.2340261474096703
2021-02-16,1.4503043017434047,1.2329573208079836
2021-02-17,1.4482629551392534,1.2332405485242006
2021-02-18,1.4419596211429377,1.2279916146462817
2021-02-19,1.4452236774356486,1.2258229496049375
2021-02-22,1.4381072310648078,1.2163945266269582
2021-02-23,1.4370409769713632,1.217871349502279
2021-02-24,1.4632920989745875,1.231291748141426
2021-02-25,1.4285386461606249,1.2016226918460797
2021-02-26,1.4174453190764222,1.1954314514230453
2021-03-01,1.4470816115195386,1.2244087685817304
2021-03-02,1.4384308530441523,1.2148542376646279
2021-03-03,1.4271635708271775,1.1987626997855223
2021-03-04,1.410018648396556,1.183928120123168
2021-03-05,1.4240428991455465,1.2057084242266936
2021-03-08,1.4050072826087219,1.1997055214774477
2021-03-09,1.4268393904835355,1.2168345650321832
2021-03-10,1.4407214521133498,1.2244087685817302
2021-03-11,1.4551101182570088,1.236823188530028
2021-03-12,1.4564545440291294,1.2384888642259475
2021-03-15,1.4662934107652645,1.245874833131068
2021-03-16,1.4706628035237086,1.2443037383894908
2021-03-17,1.4665884288969195,1.2485466935765608
2021-03-18,1.4483444770273821,1.2303804534342815
2021-03-19,1.4418077841415118,1.2281039166508931
2021-03-22,1.451601101209875,1.237910148299432
2021-03-23,1.437251554727269,1.2281669706204548
2021-03-24,1.4278919479976917,1.2219234943108719
2021-03-25,1.4308972592079205,1.228797510316071
2021-03-26,1.4456895788834232,1.2485994446099196
2021-03-29,1.444573476595927,1.2479688018849413
2021-03-30,1.4438189670151054,1.244657953336146
2021-03-31,1.450390319285672,1.249703301194696
2021-04-01,1.4661756404389388,1.2631989112681241
2021-04-05,1.4748485866034322,1.2813296062805037
2021-04-06,1.4712056311204587,1.2805727525870403
2021-04-07,1.483459391740506,1.2820549329891864
2021-04-08,1.4931651458222515,1.2881403622574172
2021-04-09,1.5077411641087217,1.2975052161190248
2021-04-12,1.513454923612634,1.2979785330081852
2021-04-13,1.5121604509925357,1.3018252372688925
2021-04-14,1.5053250348166627,1.2973793142386258
2021-04-15,1.5273340823864772,1.3113165081577094
2021-04-16,1.5261765628580355,1.3156992741890525
2021-04-19,1.5223943099854917,1.30923541807409
2021-04-20,1.5024748354519257,1.2996497722896547
2021-04-21,1.5194608508997771,1.3119471508826877
2021-04-22,1.4998737139303893,1.2999649391081007
2021-04-23,1.5289684755992385,1.314059458863002
2021-04-26,1.5352942090784585,1.3168029247151047
2021-04-27,1.538240013519551,1.3165188727639914
2021-04-28,1.5448086369737857,1.3161408580347078
2021-04-29,1.5710248491132905,1.3245282723387481
2021-04-30,1.5532302979555546,1.3158254851575377
2021-05-03,1.5625711461845928,1.318663222875897
2021-05-04,1.555521371283243,1.3105281274794651
2021-05-05,1.5660429460089231,1.3109380813109779
2021-05-06,1.5803711420885156,1.3214064826692757
2021-05-07,1.5932704010306078,1.3310238614972159
2021-05-10,1.5750967509165918,1.317843418242234
2021-05-11,1.5574853897037035,1.3060823074785608
2021-05-12,1.5317310507290591,1.2783339245501553
2021-05-13,1.5489327828469033,1.2936901418724611
2021-05-14,1.5750934376368815,1.3135552331652334
2021-05-17,1.5762120355319365,1.3102125485435712
2021-05-18,1.5654944087015226,1.2989243425516102
2021-05-19,1.55799587133035,1.2955187069897482
2021-05-20,1.5734195079121014,1.3094561069675559
2021-05-21,1.5834045080141148,1.3083837773675602
2021-05-24,1.6030307647654096,1.3217222676638942
2021-05-25,1.5954723505230854,1.3187894338443826
2021-05-26,1.5965306846428342,1.3214064826692762
2021-05-27,1.5924028792231033,1.3221003854225402
2021-05-28,1.6024354874287414,1.3244655274572732
2021-06-01,1.6077753138541224,1.3232985138735731
2021-06-02,1.6140300014736437,1.325379913045279
2021-06-03,1.6169477959498544,1.3204606731258521
2021-06-04,1.6329360093719956,1.3325374658547815
2021-06-07,1.6316672389231193,1.3312445503906822
2021-06-08,1.623126061493111,1.3315282932537094
2021-06-09,1.6185985437380783,1.329541475036346
2021-06-10,1.6156754107646325,1.3357221034350912
2021-06-11,1.618361748914048,1.3379293014578342
2021-06-14,1.6170165853639866,1.3409248801588214
2021-06-15,1.6091535325109148,1.338465672316556
2021-06-16,1.6065003953623391,1.3309921284537112
2021-06-17,1.5996756669279422,1.3305509567255038
2021-06-18,1.5661596022665012,1.312601078243485
2021-06-21,1.5890113176754126,1.331392294495831
2021-06-22,1.598847935041546,1.3385103870596766
2021-06-23,1.6021737776373688,1.3368968442209437
2021-06-24,1.6177142881299145,1.344805584108998
2021-06-25,1.624911665659851,1.3495823344207392
2021-06-28,1.6393142314655709,1.3523031338131957
2021-06-29,1.6422378605815484,1.353030727167843
2021-06-30,1.6490209805752534,1.3541698197944332
2021-07-01,1.662122141050549,1.3616672664692688
2021-07-02,1.6716408313238695,1.3720747774746076
2021-07-06,1.6645993595438364,1.3695758002985992
2021-07-07,1.6617132365745093,1.37441601669735
2021-07-08,1.6388173805870314,1.363217446250354
2021-07-09,1.6633162827195291,1.377769313343301
2021-07-12,1.682420543975865,1.3827044197844804
2021-07-13,1.6766680498605515,1.377990826471663
2021-07-14,1.668341531062842,1.3800467773909475
2021-07-15,1.6618279909206184,1.3753332871074921
2021-07-16,1.64274494803584,1.364546009873715
2021-07-19,1.6160583709957035,1.3443945999838647
2021-07-20,1.637491644361357,1.3636600603896294
2021-07-21,1.6616716243078071,1.374700892883359
2021-07-22,1.6655384723006565,1.3775796362878059
2021-07-23,1.6850158908781576,1.391751943211039
2021-07-26,1.6882446140159555,1.395168602914638
2021-07-27,1.6838426083987614,1.3888099397783067
2021-07-28,1.6961147026415235,1.3882402904356494
2021-07-29,1.6954710491584144,1.3939982923913528
2021-07-30,1.6832685252358934,1.3872283360418025
2021-08-02,1.6863932307303173,1.384317653535127
2021-08-03,1.6999630578698885,1.3955796900691326
2021-08-04,1.702218881702354,1.388715049735878
2021-08-05,1.714022134976141,1.3975094300199318
2021-08-06,1.7221887138273893,1.3998188331698074
2021-08-09,1.7247677945224669,1.398680255690027
2021-08-10,1.7326454401327518,1.4004200094972454
2021-08-11,1.7249620440947415,1.403899826199768
2021-08-12,1.7366015282980691,1.4081072362569378
2021-08-13,1.745878938775058,1.4106698855786801
2021-08-16,1.7549850661639477,1.4139914491811265
2021-08-17,1.7465282711751517,1.4047225156555678
2021-08-18,1.7206649997474546,1.3893478560774586
2021-08-19,1.7293007804933151,1.3914985940098097
2021-08-20,1.7515897296424723,1.4025711595470445
2021-08-23,1.7781926099207626,1.4149088226206308
2021-08-24,1.7766795136378344,1.4171550687715826
2021-08-25,1.778397316421041,1.4201287022184579
2021-08-26,1.7677724550521123,1.4117452030301747
2021-08-27,1.7865965231843255,1.4243676392604085
2021-08-30,1.7937252950052012,1.4306313093249492
2021-08-31,1.7837150883275759,1.4285118923186548
2021-09-01,1.7752964961518989,1.429271321746169
2021-09-02,1.777335354202801,1.4336684088588338
2021-09-03,1.7804068789455256,1.4333203756739006
2021-09-07,1.7763071045493481,1.4281957982359503
2021-09-08,1.7651855648714918,1.42645542625256
2021-09-09,1.749761220436605,1.4203503183761816
2021-09-10,1.7337614215768162,1.4091513358117376
2021-09-13,1.7367491355839213,1.4127576725708315
2021-09-14,1.7323491458391074,1.4051338088687866
2021-09-15,1.7425086330519788,1.416870398644297
2021-09-16,1.7368495357992402,1.4146241524933452
2021-09-17,1.7164423708667316,1.4008441813807175
2021-09-20,1.6858597149272494,1.377486188656445
2021-09-21,1.6887039880924966,1.3761852369021073
2021-09-22,1.6951899045692032,1.3896095506570114
2021-09-23,1.7094833666478972,1.4064935903888425
2021-09-24,1.708301432029335,1.408810102564698
2021-09-27,1.700731497703726,1.4047796969514934
2021-09-28,1.660221105416504,1.376470422176203
2021-09-29,1.6620317430365539,1.3787877585869548
2021-09-30,1.6469367787415892,1.3619356579573527
2021-10-01,1.6676658111187719,1.3781209525559044
2021-10-04,1.6329383737292773,1.360348696694023
2021-10-05,1.658520213629056,1.3745029734789012
2021-10-06,1.6644394519534507,1.3802155394859499
2021-10-07,1.6815027267631149,1.3921486062548492
2021-10-08,1.6845256776663338,1.3896095506570114
2021-10-11,1.6605819987362187,1.3795493516310717
2021-10-12,1.6517100198516637,1.3761534008292404
2021-10-13,1.649698094643803,1.3811044768215341
2021-10-14,1.6815288432192768,1.404335228283701
2021-10-15,1.699602391291069,1.4150301912091001
2021-10-18,1.7062766403833949,1.4192197771866393
2021-10-19,1.7169619045802835,1.4301688105188013
2021-10-20,1.7200740816451876,1.435785868307249
2021-10-21,1.7259917662365445,1.4395311916757199
2021-10-22,1.725303035550952,1.438039326513543
2021-10-25,1.7312362483980974,1.4457512803201222
2021-10-26,1.7463809201084706,1.4470522320744597
2021-10-27,1.7254381051118992,1.440641642139666
2021-10-28,1.7351951967914248,1.4545422606352292
2021-10-29,1.7588593016178793,1.457493742769268
2021-11-01,1.7538927750539532,1.4600010653236006
2021-11-02,1.7698878303192127,1.4659040295916785
2021-11-03,1.7721408847935831,1.47485367512431
2021-11-04,1.7844934549114064,1.4818038298280485
2021-11-05,1.7652068711547788,1.4869450980226475
2021-11-08,1.7794720486540225,1.4882144197628422
2021-11-09,1.7741090237977877,1.4832954889315013
2021-11-10,1.7534963811067301,1.471362216103878
2021-11-11,1.7631142743312502,1.4718385208445373
2021-11-12,1.7719272869565943,1.482946219394224
2021-11-15,1.7661891906381169,1.483454154149026
2021-11-16,1.7688960767560726,1.489325282344237
2021-11-17,1.7494123875203087,1.4857074062965958
2021-11-18,1.77091325081217,1.4907533723313182
2021-11-19,1.7633506767083886,1.4880875906181852
2021-11-22,1.7701945031454422,1.4838984167580944
2021-11-23,1.792081281772573,1.4858661745434825
2021-11-24,1.7931643155176045,1.4898331140696772
2021-11-26,1.7384746123583723,1.456604805433684
2021-11-29,1.7518590465766382,1.474472569514166
2021-11-30,1.7294625211122645,1.4457830133636274
2021-12-01,1.7130637579928056,1.429724238821647
2021-12-02,1.728801539675489,1.4516226145740576
2021-12-03,1.710597191631779,1.4389915238774131
2021-12-06,1.7210303203217376,1.4560339197386825
2021-12-07,1.7681441049566025,1.4861516689056642
2021-12-08,1.769180779026845,1.4900870814470781
2021-12-09,1.7629959207059949,1.48002647030369
2021-12-10,1.769772885624704,1.4939588218427582
2021-12-13,1.7516704942820691,1.4807248033195213
2021-12-14,1.7516044273579137,1.470537363031476
2021-12-15,1.7968722892798874,1.4935144562043279
2021-12-16,1.782633515553554,1.4803438007387388
2021-12-17,1.7489601497412952,1.4645887567560194
2021-12-20,1.7330114725504935,1.4490151474798327
2021-12-21,1.7636639886620025,1.4747483791163172
2021-12-22,1.7797074032458247,1.4894937353511544
2021-12-23,1.7874407601034783,1.4987616385830929
2021-12-27,1.8177625918435076,1.5199723963733232
2021-12-28,1.8078021888299838,1.5187301713553418
2021-12-29,1.801023731549092,1.520673202093843
2021-12-30,1.7977122196905557,1.516469295034982
2021-12-31,1.7870580703567136,1.5126470087330757
2022-01-03,1.7990513112380142,1.5214052257110575
2022-01-04,1.7902202895048842,1.5208956424864633
2022-01-05,1.7580299043274765,1.4916914546725908
2022-01-06,1.7516127279248774,1.490290049290275
2022-01-07,1.7513196677091694,1.4843982121932964
2022-01-10,1.759014472841748,1.4825511017908442
2022-01-11,1.7693780862349904,1.4960545420957863
2022-01-12,1.77529014819087,1.5000991657609508
2022-01-13,1.739428125565041,1.4794299302975438
2022-01-14,1.7339332774751326,1.4800350217407388
2022-01-18,1.6970768838191508,1.453824249011251
2022-01-19,1.681647514128461,1.4387281808280676
2022-01-20,1.6643349455078562,1.422804477779707
2022-01-21,1.6379366851529222,1.3948736298511486
2022-01-24,1.6312347800770253,1.4007975090797182
2022-01-25,1.6249624945471624,1.383695150129748
2022-01-26,1.643064453738379,1.3802238848642738
2022-01-27,1.6401500392825072,1.373408183477983
2022-01-28,1.6793738953207296,1.4075175992180464
2022-01-31,1.6995838416417457,1.43286838586268
2022-02-01,1.7104023636662105,1.44255026107125
2022-02-02,1.7252909392046165,1.4565632846007865
2022-02-03,1.6997457713340105,1.4223266275986175
2022-02-04,1.7156165809948822,1.4290148816640789
2022-02-07,1.7176457249571897,1.4244289417308151
2022-02-08,1.731010921543767,1.4361486346909529
2022-02-09,1.7493253460302796,1.4571681699852577
2022-02-10,1.7235870200431684,1.4309891302992748
2022-02-11,1.6906024216559135,1.4027720668030002
2022-02-14,1.6846391614594491,1.3981857147522883
2022-02-15,1.7189902599355549,1.4207341027497384
2022-02-16,1.7166675091072467,1.4223266275986177
2022-02-17,1.6708840716809088,1.3919435778244118
2022-02-18,1.6575283108829362,1.3829307752928568
2022-02-22,1.6456594809033818,1.3680894987219707
2022-02-23,1.620154467987963,1.343821653701622
2022-02-24,1.6206465196990143,1.3640448750568064
2022-02-25,1.6651034525045245,1.3941415032045725
2022-02-28,1.6495180465873809,1.3905744206324115
2022-03-01,1.6271231198885865,1.369395498915048
2022-03-02,1.6510979409314255,1.394587208224709
2022-03-03,1.6492935726510138,1.3876442655763126
2022-03-04,1.6384364398322782,1.3763701746069497
2022-03-07,1.5983005756588182,1.3357956663995791
2022-03-08,1.583983896817722,1.3256680861708725
2022-03-09,1.6339439309392607,1.3612106403367565
2022-03-10,1.628048754025922,1.3550638055687565
2022-03-11,1.6165238085749192,1.337834411415405
2022-03-14,1.6243147087971344,1.3280566158707863
2022-03-15,1.658753463482696,1.357261421860831
2022-03-16,1.682727820981683,1.3873577409205107
2022-03-17,1.7010119055288055,1.404714685424054
2022-03-18,1.7141544427225464,1.4201003691439003
2022-03-21,1.7142967102967102,1.4196850577855622
2022-03-22,1.7271464127055827,1.4362975121190853
2022-03-23,1.7118353726823194,1.4178000325778832
2022-03-24,1.7335966885744551,1.4391725464664986
2022-03-25,1.7429620993399635,1.4462009004560172
2022-03-28,1.7517695774179103,1.4564876610490585
2022-03-29,1.7627634117698892,1.4745059510274647
2022-03-30,1.7628305401414173,1.465400834187532
2022-03-31,1.73324524202157,1.442846367457722
2022-04-01,1.7304446456823055,1.446935705866007
2022-04-04,1.7396253002840874,1.4593310653823295
2022-04-05,1.7236804981720881,1.4408978761630333
2022-04-06,1.7160467471042429,1.4264898380594784
2022-04-07,1.7247893578322573,1.4336776815014174
2022-04-08,1.7277948227526574,1.4298439589403258
2022-04-11,1.694711142068196,1.405404673061561
2022-04-12,1.6812670199065702,1.4001973630459015
2022-04-13,1.6776910711892703,1.4162347074805801
2022-04-14,1.6568594246432953,1.3986000988463694
2022-04-18,1.6648634992867606,1.3991754148039381
2022-04-19,1.6828793251318104,1.421761820635977
2022-04-20,1.670013361070686,1.4207074181449744
2022-04-21,1.6377413140338684,1.3994626606652745
2022-04-22,1.5932427561215603,1.3610625871435218
2022-04-25,1.6085970624229295,1.3689535029519453
2022-04-26,1.5716272652463292,1.3293074953551784
2022-04-27,1.5617526670904747,1.333045194550859
2022-04-28,1.6208509857553888,1.3667171476197484
2022-04-29,1.5619171151118374,1.3162092695310956
2022-05-02,1.5612907894854184,1.32413222747111
2022-05-03,1.573553034946828,1.3302019962763125
2022-05-04,1.6121076798933816,1.3707104626626223
2022-05-05,1.5705344740600042,1.3219914833868753
2022-05-06,1.571919539736273,1.314100773637176
2022-05-09,1.5389295275928754,1.2720266730654763
2022-05-10,1.5401290187407852,1.274966100764158
2022-05-11,1.5301661129398805,1.254711764541641
2022-05-12,1.5273598183411148,1.2534016431740829
2022-05-13,1.5427850390479652,1.2833679391788824
2022-05-16,1.5452940414520482,1.2781606291632228
2022-05-17,1.5741932428172267,1.3044527950887135
2022-05-18,1.533493429572322,1.2518681541496461
2022-05-19,1.5261619560818824,1.2442010181155492
2022-05-20,1.5354255518555995,1.244744188912165
2022-05-23,1.570648551480706,1.2680334610519644
2022-05-24,1.5684897624308936,1.2583537494599968
2022-05-25,1.5724643347891818,1.26947092671099
2022-05-26,1.5911767461513404,1.2948366526131176
2022-05-27,1.6111127852845368,1.3266241986505003
2022-05-31,1.5971594425280295,1.3191802242145576
2022-06-01,1.580585688560104,1.3085099883360454
2022-06-02,1.6025385853554068,1.333428772865692
2022-06-03,1.580682835214311,1.3115450272826894
2022-06-06,1.588060723899394,1.3155382392962014
2022-06-07,1.6040604819702728,1.3281571725281265
2022-06-08,1.5956069711477492,1.3137174013810666
2022-06-09,1.5512210217432305,1.28247354128711
2022-06-10,1.5092577249889454,1.2452872566794184
2022-06-13,1.4571519928455134,1.1980059491214214
2022-06-14,1.449217450093688,1.1943960063346564
2022-06-15,1.4698022839031761,1.2114236689971556
2022-06-16,1.4396978833965637,1.1713305139691836
2022-06-17,1.439621747022596,1.1738555575737855
2022-06-21,1.4793621542129625,1.2034058210147127
2022-06-22,1.4906122071528685,1.201224071244391
2022-06-23,1.5143128473131513,1.212998987942576
2022-06-24,1.5582708586978324,1.2515650417665571
2022-06-27,1.5589425121678788,1.246784479368421
2022-06-28,1.5240638397828916,1.2213089241663708
2022-06-29,1.534843903073863,1.220314278705345
2022-06-30,1.5213290529646923,1.210400278344124
2022-07-01,1.5238099499413282,1.2232019856642877
2022-07-05,1.5375670795306007,1.2255122130490594
2022-07-06,1.5425083355356355,1.2296511085804802
2022-07-07,1.5703719643075886,1.2480677100724895
2022-07-08,1.570114381591178,1.2470411255092346
2022-07-11,1.544877194784316,1.232795358650875
2022-07-12,1.5335944522408196,1.221886506769904
2022-07-13,1.5205010166469395,1.2154695290146647
2022-07-14,1.503663414865128,1.2125177377925396
2022-07-15,1.5556882926162023,1.2356829625804562
2022-07-18,1.5492202198537637,1.2254800678881066
2022-07-19,1.6026290908074519,1.258591438198197
2022-07-20,1.6139210623962525,1.2666128922083109
2022-07-21,1.6265841249252644,1.2795108289526098
2022-07-22,1.5911791270030538,1.267639579800928
2022-07-25,1.5914144027128891,1.2691795596751725
2022-07-26,1.5632901746950207,1.2541638543943716
2022-07-27,1.6155344333590334,1.2867298902912436
2022-07-28,1.6167555984446331,1.3028684095594343
2022-07-29,1.6215932457508708,1.3218629027430633
2022-08-01,1.6109315737442258,1.3179485081915032
2022-08-02,1.5982078831476403,1.3092535512418069
2022-08-03,1.6231267046725928,1.329755673080003
2022-08-04,1.6139037735771122,1.328857360072474
2022-08-05,1.619919740122337,1.3266114230096082
2022-08-08,1.6078586619758692,1.3250713401060017
2022-08-09,1.6090462929436664,1.3198093214991051
2022-08-10,1.64254110950024,1.347530607705297
2022-08-11,1.6433007139455027,1.347530607705297
2022-08-12,1.668150241884678,1.370342956928265
2022-08-15,1.674109502080601,1.3759896871729773
2022-08-16,1.6773961568760236,1.3786850383130125
2022-08-17,1.6693875631763546,1.3688992064781553
2022-08-18,1.670555905897178,1.3728778913516213
2022-08-19,1.6526040538805156,1.3544289386399349
2022-08-22,1.6206700448890419,1.3262261962249824
2022-08-23,1.6096177486466388,1.3230178618914057
2022-08-24,1.6096907901082878,1.3272530898763235
2022-08-25,1.6343556775152137,1.3459906278310527
2022-08-26,1.579696149587548,1.3004302197070228
2022-08-29,1.5644721615721031,1.2918314921814615
2022-08-30,1.554169641682442,1.2776498095862838
2022-08-31,1.5382580691382082,1.2679281650439707
2022-09-01,1.559464130963757,1.2719068499174366
2022-09-02,1.539646464396425,1.258495002715338
2022-09-06,1.535234968635627,1.253746688507517
2022-09-07,1.552248798067308,1.2762704524874424
2022-09-08,1.569239437567548,1.2846125338721899
2022-09-09,1.58979574010316,1.3045690122090816
2022-09-12,1.6053572302847399,1.3185901750582185
2022-09-13,1.5396280118296621,1.2612546441772794
2022-09-14,1.5395133740763023,1.2660672487070066
2022-09-15,1.5439860787091,1.251693107263559
2022-09-16,1.5354367793490098,1.2421440369026442
2022-09-19,1.5411988263489989,1.2517769731642507
2022-09-20,1.5279353890870369,1.2374082922769907
2022-09-21,1.4993842595554359,1.2158232288145097
2022-09-22,1.502037603183,1.2056105463327673
2022-09-23,1.4779542599745359,1.1854108156721255
2022-09-26,1.4560934395770875,1.173683910656646
2022-09-27,1.450176810635865,1.1706877137794864
2022-09-28,1.4756780832661467,1.1937227094537985
2022-09-29,1.4515020835624315,1.168787131138141
2022-09-30,1.4271857691025318,1.1507134113629636
2022-10-03,1.4558329546071365,1.1810937823737568
2022-10-04,1.4963718647680848,1.217691769324264
2022-10-05,1.4952700995379884,1.2148565043105934
2022-10-06,1.4725189030645744,1.202324733918945
2022-10-07,1.436194938585571,1.1687871311381413
2022-10-10,1.4266198669215473,1.159862933857931
2022-10-11,1.4223679253544712,1.15251755852145
2022-10-12,1.4184639136566013,1.1487160841506736
2022-10-13,1.459667458634517,1.1790318557514747
2022-10-14,1.434241821406762,1.152163240545433
2022-10-17,1.4685381269847246,1.1817703761942002
2022-10-18,1.4814526713762555,1.1956557463441833
2022-10-19,1.4676660458971473,1.1871827146402971
2022-10-20,1.4665700123013103,1.1772276055636266
2022-10-21,1.5101089350321537,1.2058360776062484
2022-10-24,1.5301188680778526,1.2205912216304784
2022-10-25,1.5460021381410105,1.2400825223978102
2022-10-26,1.546915067784769,1.230739407731591
2022-10-27,1.5499337141424112,1.224167576845222
2022-10-28,1.5791942940054398,1.253291092668626
2022-10-31,1.5691023078671047,1.2442382117152417
2022-11-01,1.5716915970282606,1.238793728108192
2022-11-02,1.5529366809622116,1.2077047211453646
2022-11-03,1.5375062946269102,1.195268974119127
2022-11-04,1.558376561667251,1.2124728169906953
2022-11-07,1.5729321518877826,1.224070729244915
2022-11-08,1.5811159191473294,1.230675220439047
2022-11-09,1.55724538208574,1.2053207247373805
2022-11-10,1.619681311644322,1.2715580955269696
2022-11-11,1.616640805154661,1.2838649528213093
2022-11-14,1.6136419201981456,1.2729435313581707
2022-11-15,1.60954727819819,1.2838004564406793
2022-11-16,1.6079045910756409,1.27400638225686
2022-11-17,1.6130644190585208,1.2701081633151383
2022-11-18,1.6237713146220825,1.2758751288253383
2022-11-21,1.6184341733272163,1.2712358196825437
2022-11-22,1.636259006876478,1.2883430210125293
2022-11-23,1.6440463712845117,1.2964614256523121
2022-11-25,1.6493012472098127,1.2961715010275632
2022-11-28,1.6310925517960744,1.2754886656883684
2022-11-29,1.6305903319797725,1.273297746304826
2022-11-30,1.670739464247252,1.3134074890600846
2022-12-01,1.6636126884759588,1.3124408675855304
2022-12-02,1.6572438083387355,1.310926748081155
2022-12-05,1.627285103144361,1.2873443574063839
2022-12-06,1.593815688808761,1.2687873268939291
2022-12-07,1.591724744224169,1.266628861759426
2022-12-08,1.6106119036266122,1.276551619616419
2022-12-09,1.601757593215423,1.2670154279257577
2022-12-12,1.630033381483353,1.2852822247253772
2022-12-13,1.6454386864716044,1.2950116994992047
2022-12-14,1.629871717233981,1.2867319508784845
2022-12-15,1.585424852133457,1.255256377749325
2022-12-16,1.5682601981513993,1.240436737344465
2022-12-19,1.5593721382115089,1.229918160686859
2022-12-20,1.5590834276360828,1.2316013513743234
2022-12-21,1.5830200984083755,1.2500165104552643
2022-12-22,1.5577649394313382,1.23218367332851
2022-12-23,1.558245959779901,1.2392715782892811
2022-12-27,1.5417520922009536,1.2343843805014452
2022-12-28,1.5317881608240174,1.2190437206128055
2022-12-29,1.5539674660079144,1.2409869141376986
2022-12-30,1.5532600193955561,1.237717998539249
2023-01-03,1.5576232828716778,1.2325071855252807
2023-01-04,1.5734967175061394,1.2420224622554503
2023-01-05,1.5593138163303373,1.2278468583926323
2023-01-06,1.5911392292326347,1.256003958800206
2023-01-09,1.5873535947179158,1.2552920259085871
2023-01-10,1.599907627492248,1.2640951636884137
2023-01-11,1.6126380148032098,1.2800832600880423
2023-01-12,1.620993316039132,1.284743793279415
2023-01-13,1.6380515578724555,1.289728147755644
2023-01-17,1.636006004802408,1.2873652723668756
2023-01-18,1.6140328327501876,1.2670402580020068
2023-01-19,1.611090153948069,1.2578164513370167
2023-01-20,1.6370628198976536,1.2812484191432258
2023-01-23,1.6668919463540088,1.2966217393396287
2023-01-24,1.6607901088283867,1.2952300187173436
2023-01-25,1.6574441295860758,1.2957154930712234
2023-01-26,1.6761811574329935,1.3099557993733955
2023-01-27,1.6876399034672556,1.3129658021850668
2023-01-30,1.6579053356908358,1.2964922314315583
2023-01-31,1.681183352883061,1.3155550330822123
2023-02-01,1.698302769883878,1.329536323568244
2023-02-02,1.740229491087252,1.3488902861959915
2023-02-03,1.7345009252415715,1.3345529262347882
2023-02-06,1.733071173172792,1.3263970189072267
2023-02-07,1.7551956403111872,1.3437443816801011
2023-02-08,1.7484808574449966,1.3290508492143642
2023-02-09,1.7361492761641166,1.317529075658684
2023-02-10,1.7354110098488806,1.3206036778803474
2023-02-13,1.755693609582748,1.3361059908380102
2023-02-14,1.7629424488666157,1.3354915237228704
2023-02-15,1.75313570261,1.3398284416881105
2023-02-16,1.7272655956408216,1.3213804162406824
2023-02-17,1.7310940104694286,1.3180793554812797
2023-02-21,1.7076079198194107,1.2916374878927612
2023-02-22,1.7021090462604211,1.2898575526343516
2023-02-23,1.7349707290017493,1.2967187929986594
2023-02-24,1.7260238644189985,1.2828664952738877
2023-02-27,1.7244777548776669,1.287236176576253
2023-02-28,1.713238074066545,1.2824784866964873
2023-03-01,1.7024740192455798,1.2775586286008882
2023-03-02,1.7080342085703675,1.2874948833043074
2023-03-03,1.7433826991250565,1.3081433068365844
2023-03-06,1.7502207244397738,1.3090496561343519
2023-03-07,1.722697655593506,1.2889834515268994
2023-03-08,1.7174074522335525,1.2910874141288895
2023-03-09,1.6781469378594307,1.2672667165397458
2023-03-10,1.6602792104425939,1.248981168396237
2023-03-13,1.643707634306412,1.2472007179910174
2023-03-14,1.6803623490559563,1.2678172024210657
2023-03-15,1.670994331775136,1.2598879596899675
2023-03-16,1.6954105513967408,1.2819929093132458
2023-03-17,1.6611688266040914,1.2670028583435902
2023-03-20,1.6799156015094423,1.2791858743447713
2023-03-21,1.703477014940902,1.2959824421482398
2023-03-22,1.6807836627443733,1.273890371195215
2023-03-23,1.6866703412182007,1.2773342306503894
2023-03-24,1.6869510609754008,1.285715978339518
2023-03-27,1.69929954140536,1.28812016850246
2023-03-28,1.6897368159018962,1.2852287524864838
2023-03-29,1.7083546868995758,1.303909418233373
2023-03-30,1.7122218059087957,1.311544100018431
2023-03-31,1.7346735638858288,1.3300297311829994
2023-04-03,1.74559589134946,1.335097848530558
2023-04-04,1.7352990270687365,1.3276908616355838
2023-04-05,1.7388215996550849,1.3242143418726462
2023-04-06,1.7503728595202317,1.3293800280260462
2023-04-10,1.7490818092154137,1.3307443428380317
2023-04-11,1.7437074701443451,1.3311017516949095
2023-04-12,1.740791464700658,1.325676225490473
2023-04-13,1.7625954578003706,1.3432849737548147
2023-04-14,1.7751768287534717,1.3400036946329217
2023-04-17,1.78191157415814,1.3448118689000816
2023-04-18,1.779925511885291,1.3456889578590328
2023-04-19,1.7831280161690857,1.3454616750863972
2023-04-20,1.7727006408350263,1.3381193906307771
2023-04-21,1.7749454861587322,1.3391587508349236
2023-04-24,1.77311897562975,1.340555932013396
2023-04-25,1.7506059728232464,1.3192760415212441
2023-04-26,1.7534818897055549,1.3136882440716124
2023-04-27,1.7857905448586409,1.3398411142996403
2023-04-28,1.7989236366992916,1.3512769613673885
2023-05-01,1.8031091381269722,1.3499124404966791
2023-05-02,1.7794020332187939,1.3347405427030425
2023-05-03,1.7627900745047373,1.325578862743356
2023-05-04,1.7410031293860084,1.3161897969816718
2023-05-05,1.7776335643717023,1.3405559320133962
2023-05-08,1.7805968092961466,1.34091313481155
2023-05-09,1.771620638035832,1.3350327339737564
2023-05-10,1.7718733348161393,1.341270543668428
2023-05-11,1.7640817367330468,1.3389314680622884
2023-05-12,1.7547566953101286,1.337177084085662
2023-05-15,1.7673821676774015,1.3417904298292256
2023-05-16,1.762444045497439,1.3328236814224974
2023-05-17,1.788667598092584,1.3490027942593275
2023-05-18,1.80431036247521,1.3619979907213817
2023-05-19,1.795683668169701,1.360016220942758
2023-05-22,1.8051649515922856,1.3605686643819563
2023-05-23,1.7937113338113404,1.3452991977824786
2023-05-24,1.780033055489541,1.3355526201345544
2023-05-25,1.8357259038110065,1.347118490257183
2023-05-26,1.8594262269593438,1.3645646581882434
2023-05-30,1.8554361524645506,1.3650843382903166
2023-05-31,1.8408218339347708,1.357514771062061
2023-06-01,1.8535048091968263,1.3704125017476358
2023-06-02,1.8783425650132164,1.390230096504513
2023-06-05,1.8750888746883727,1.3875660662905343
2023-06-06,1.8778037645879566,1.390587814449477
2023-06-07,1.8597626343608054,1.385779331094231
2023-06-08,1.8713417397168932,1.3941613878714458
2023-06-09,1.8760310357967138,1.3966630438108671
2023-06-12,1.8934636705888048,1.4093330796063583
2023-06-13,1.9085006555622186,1.4186247826209253
2023-06-14,1.9113605208296176,1.4203138459820255
2023-06-15,1.9317282049487436,1.4379228003050912
2023-06-16,1.9242814149387233,1.4330248874636042
2023-06-20,1.9196761584796738,1.4255900826408823
2023-06-21,1.9010455601265823,1.4182857129904887
2023-06-22,1.9077120887122176,1.4234052419896996
2023-06-23,1.8954477815547213,1.412644443301964
2023-06-26,1.8674323420613002,1.4068726354117487
2023-06-27,1.8857625562879763,1.4222964399955456
2023-06-28,1.8824673515535784,1.423013833443352
2023-06-29,1.8921161583541408,1.4286225458534756
2023-06-30,1.9165081065176124,1.4454813433916096
2023-07-03,1.9141812403973144,1.4471444433534784
2023-07-05,1.9215281417354482,1.444992263010059
2023-07-06,1.9081259639230557,1.4336769602958843
2023-07-07,1.8964956997096158,1.4300573327490886
2023-07-10,1.8909784317143057,1.4336769602958845
2023-07-11,1.9016435877914577,1.4428073193295143
2023-07-12,1.9218376119844613,1.454416152696109
2023-07-13,1.944551732535662,1.4659595624178154
2023-07-14,1.9504234571640648,1.4650465162115163
2023-07-17,1.956226914551263,1.4701337970204122
2023-07-18,1.9706953066300221,1.4810575881588774
2023-07-19,1.9716506460432945,1.4843510247454899
2023-07-20,1.959464542603135,1.4745030662053293
2023-07-21,1.9544625921158196,1.4745030662053293
2023-07-24,1.9601294656925548,1.4810900424079163
2023-07-25,1.9621788273153458,1.4851336357794602
2023-07-26,1.9691034213713525,1.4853619488457162
2023-07-27,1.9709842537263413,1.4755138872761935
2023-07-28,2.0015759316803123,1.489959737155613
2023-07-31,1.9985142602072643,1.4927964445803519
2023-08-01,1.9964846646615964,1.488524744201276
2023-08-02,1.977182643774647,1.4678183151381765
2023-08-03,1.9773309248162927,1.4636119353746269
2023-08-04,1.9604057112021849,1.4569922988642767
2023-08-07,1.983642717640617,1.469709625136939
2023-08-08,1.9745251457409663,1.4633181986634827
2023-08-09,1.960230239805982,1.4535357667975726
2023-08-10,1.9602410658829827,1.4540575074868862
2023-08-11,1.9651968770799597,1.4532095758373893
2023-08-14,1.9807666626058296,1.4612313389355895
2023-08-15,1.9617243664367219,1.444209548946726
2023-08-16,1.9495340748969294,1.4336118457390818
2023-08-17,1.9332068162816014,1.4226879515712547
2023-08-18,1.9304090593504915,1.423372581681936
2023-08-21,1.9375699416087289,1.4326335819466185
2023-08-22,1.9255098047860526,1.4287530840551659
2023-08-23,1.947426665720026,1.4446661750792378
2023-08-24,1.9232131634286767,1.4246443761268197
2023-08-25,1.9321856534595963,1.4346877813667487
2023-08-28,1.9382078236521982,1.4437857891807016
2023-08-29,1.9611918098389436,1.4646553137238927
2023-08-30,1.9652590906985825,1.4706878889294028
2023-08-31,1.950519653307624,1.4685357085859834
2023-09-01,1.9515964483989992,1.471274950234243
2023-09-05,1.952563290111962,1.4649160810391877
2023-09-06,1.93153901955967,1.4550682255283893
2023-09-07,1.9307776039015963,1.4506008723908208
2023-09-08,1.9317426540913512,1.4527857130420034
2023-09-11,1.9432938220671527,1.4623402439591058
2023-09-12,1.933336917964371,1.4543182748021817
2023-09-13,1.9437460893896408,1.4560139320424517
2023-09-14,1.956831762205562,1.4685682658643846
2023-09-15,1.9314047365618117,1.4508747244350932
2023-09-18,1.9434181279725908,1.451725437877365
2023-09-19,1.939613853409399,1.4487148168895216
2023-09-20,1.9193559933606124,1.4353963142894213
2023-09-21,1.9002442547879792,1.4116715370363262
2023-09-22,1.9009211848720111,1.4084974084509432
2023-09-25,1.9110163777766787,1.4144202573858926
2023-09-26,1.8877738365136167,1.3936404714170287
2023-09-27,1.88823564348518,1.3941970360307083
2023-09-28,1.9034507506423475,1.4022796894818674
2023-09-29,1.8904532064065522,1.3988765266246943
2023-10-02,1.9132353812522647,1.3983201680697388
2023-10-03,1.8886335646654913,1.3796021026644332
2023-10-04,1.906787921592954,1.389648392726499
2023-10-05,1.9184832397366354,1.3891247975086687
2023-10-06,1.9494849786362742,1.4056175317235142
2023-10-09,1.9555424603109213,1.4146167343792815
2023-10-10,1.9581955964356903,1.4219797277366695
2023-10-11,1.9705171118809393,1.4278043896896055
2023-10-12,1.9683657755629682,1.4190997479798786
2023-10-13,1.960388219569965,1.4120316246566171
2023-10-16,1.974802277068881,1.4268882526024456
2023-10-17,1.9643620864876912,1.4268226228988332
2023-10-18,1.9334811019628937,1.4078099965474873
2023-10-19,1.9216290431730227,1.395440497401034
2023-10-20,1.9073255886464964,1.3782932176492193
2023-10-23,1.9140681777006603,1.3759045849199436
2023-10-24,1.923945662743272,1.3862778901770891
2023-10-25,1.8968571621297512,1.3663816840169842
2023-10-26,1.8620300329223194,1.3500199001212771
2023-10-27,1.8519576616178028,1.3439005741929388
2023-10-30,1.877529826138587,1.3599679001719676
2023-10-31,1.882881384114414,1.3685089312547927
2023-11-01,1.9089635750738059,1.3831037615917061
2023-11-02,1.9401857286564503,1.4096100225314927
2023-11-03,1.970309042161339,1.422470456588013
2023-11-06,1.978127497866042,1.4257426691260477
2023-11-07,1.9845724647504142,1.42980037752019
2023-11-08,1.9882540174429737,1.4308475679558506
2023-11-09,1.9761939485214661,1.4196888698719599
2023-11-10,2.00603348517666,1.4418427584422018
2023-11-13,2.0057581857560325,1.4404683467527377
2023-11-14,2.0416911534340754,1.4684145460562388
2023-11-15,2.0432221221200217,1.4715232509967338
2023-11-16,2.0576215132885114,1.4733231739513768
2023-11-17,2.057011961315967,1.4751558602431452
2023-11-20,2.071367378568107,1.4865106232029768
2023-11-21,2.06603204232516,1.4832711740020674
2023-11-22,2.073604955302622,1.4889976489729901
2023-11-24,2.0700522722247903,1.4899140951482361
2023-11-27,2.0644852494784667,1.4872307984435582
2023-11-28,2.06732171917716,1.4887031910563118
2023-11-29,2.066845090866986,1.487656206679375
2023-11-30,2.070856468379558,1.493513631969436
2023-12-01,2.0613222384609426,1.5023490179395775
2023-12-04,2.048331527199707,1.4944626354230832
2023-12-05,2.0500254097367843,1.494168074477043
2023-12-06,2.03623815498002,1.4881470385600801
2023-12-07,2.0616976768923445,1.4995021106079978
2023-12-08,2.07810188682938,1.5059487608195017
2023-12-11,2.0632412717705306,1.5118064951976489
2023-12-12,2.0783806700237357,1.518711007894009
2023-12-13,2.08565880634289,1.5396543014604125
2023-12-14,2.0955526654519048,1.5445956926926756
2023-12-15,2.1028776614541025,1.5420524128909947
2023-12-18,2.1200380862610495,1.550726454880199
2023-12-19,2.138923727812568,1.5601564232986087
2023-12-20,2.11470111899942,1.538536844999848
2023-12-21,2.1394701429472978,1.5531250814575914
2023-12-22,2.1419158791199533,1.5562463559802537
2023-12-26,2.149976556230629,1.5628175686904504
2023-12-27,2.155554011424063,1.5656433550028142
2023-12-28,2.1627214622472897,1.5662347435408597
2023-12-29,2.1583476454737656,1.5617006273766962
2024-01-02,2.159860801459532,1.5529606465957935
2024-01-03,2.147703659500823,1.5402783503062207
2024-01-04,2.140938286000181,1.535316765319
2024-01-05,2.1511005163443753,1.53741969762737
2024-01-08,2.1698197917923188,1.5593678365616404
2024-01-09,2.1606433675434618,1.5570019733213731
2024-01-10,2.170396800917742,1.5658075838058882
2024-01-11,2.1590070097085374,1.5651175961683814
2024-01-12,2.153305796375265,1.5662018771743724
2024-01-16,2.130312695047568,1.5604520145382692
2024-01-17,2.1199132658251556,1.5517779725490648
2024-01-18,2.131285237581817,1.5655776222698397
2024-01-19,2.155434659771872,1.5850943712895924
2024-01-22,2.164700583963195,1.5884458134070272
2024-01-23,2.1726040822278834,1.5930784256412902
2024-01-24,2.1822969451525447,1.594819930947663
2024-01-25,2.1830154433957203,1.6034939729368671
2024-01-26,2.181778468959259,1.601456876390834
2024-01-29,2.1935554636016668,1.6141395847978548
2024-01-30,2.19703211182157,1.61289107498879
2024-01-31,2.1590838676412965,1.5865730486934302
2024-02-01,2.182647272573895,1.6073381014635242
2024-02-02,2.247573097173698,1.6242593347950478
2024-02-05,2.2397993901960698,1.6183450372971466
2024-02-06,2.2415075758920784,1.6230434852937456
2024-02-07,2.2672146308533847,1.636580410141347
2024-02-08,2.258123241355183,1.637303264145341
2024-02-09,2.2664590228784895,1.646765995900876
2024-02-12,2.2740314926588536,1.64604303886752
2024-02-13,2.2420642579105228,1.6233721489586175
2024-02-14,2.263854563807689,1.6381247172487967
2024-02-15,2.290755407403899,1.6494272443220799
2024-02-16,2.2862952232558977,1.641213331463696
2024-02-20,2.26610403168302,1.6321778624724947
2024-02-21,2.2616295829460427,1.6336562307882458
2024-02-22,2.3270200855165655,1.6674655219967196
2024-02-23,2.333642972260646,1.668615535735685
2024-02-26,2.326257253603469,1.662504349126947
2024-02-27,2.332026465820235,1.66559265425376
2024-02-28,2.3311833319319786,1.6633914319340146
2024-02-29,2.3360500488090765,1.669371050047442
2024-03-01,2.350469574173078,1.6850436705405383
2024-03-04,2.335427464898781,1.6832366385599151
2024-03-05,2.325599354922,1.6664140043278532
2024-03-06,2.349540285567279,1.6748581878103714
2024-03-07,2.3623843198232084,1.6914836238435103
2024-03-08,2.3494117302725774,1.6813309044504685
2024-03-11,2.3528836253465695,1.6798851964424804
2024-03-12,2.3828149053652568,1.697956443512969
2024-03-13,2.3795297709112386,1.695294989033041
2024-03-14,2.365489779685893,1.6919434438862444
2024-03-15,2.357192351624591,1.6803257499945152
2024-03-18,2.3664793448139956,1.6903121799972425
2024-03-19,2.3831137739309827,1.6997052639040457
2024-03-20,2.402949577745879,1.7154264112266577
2024-03-21,2.4113672015731664,1.7210951897548443
2024-03-22,2.406491934781459,1.7178328680355643
2024-03-25,2.399662409524459,1.7130866144149837
2024-03-26,2.3956939214676285,1.7099226857364414
2024-03-27,2.41792899043118,1.7242922938879597
2024-03-28,2.41726070836504,1.7239629090175534
2024-04-01,2.409905972549824,1.720963415200809
2024-04-02,2.401939209577976,1.7100213878652648
2024-04-03,2.4012483101336075,1.71190012828186
2024-04-04,2.3611302318854235,1.6910044342807136
2024-04-05,2.3900161130816033,1.708670054752895
2024-04-08,2.3881519340679302,1.7096258581444364
2024-04-09,2.385205186383886,1.7116035067485793
2024-04-10,2.3653652753437737,1.6944649844925372
2024-04-11,2.360677937297619,1.7072527828488275
2024-04-12,2.312610957091503,1.683687495048153
2024-04-15,2.30318733834636,1.6625941907306354
2024-04-16,2.299131927134493,1.6595618305474038
2024-04-17,2.2995144547323574,1.6497401444945607
2024-04-18,2.30480531426075,1.646345327015712
2024-04-19,2.2864487081562768,1.6319756158348317
2024-04-22,2.324380439628432,1.6470047149326963
2024-04-23,2.362542924533389,1.6665491788508349
2024-04-24,2.3534203390204427,1.6657581194091777
2024-04-25,2.3307638407268683,1.659429952964007
2024-04-26,2.3445513430592566,1.675151203315981
2024-04-29,2.333158633116214,1.6810838400403232
2024-04-30,2.307321029069327,1.654453222660568
2024-05-01,2.3076623284571705,1.6490810656656623
2024-05-02,2.325158504613084,1.6645056944843555
2024-05-03,2.3540294701082476,1.6851378393774321
2024-05-06,2.384302457014345,1.702539807712182
2024-05-07,2.3917673363653957,1.7044185481287772
2024-05-08,2.3924622503592023,1.7045830860199371
2024-05-09,2.409187830744329,1.7144047720727804
2024-05-10,2.4150192886268442,1.7166132064478676
2024-05-13,2.410250521249716,1.716843580101364
2024-05-14,2.4271854484978928,1.7247208960339997
2024-05-15,2.46704520793323,1.746078161577035
2024-05-16,2.4617694052122765,1.742485733781815
2024-05-17,2.4686008269216817,1.7449903775727351
2024-05-20,2.4579143304394684,1.7470008925433653
2024-05-21,2.474955328450866,1.7512854715926949
2024-05-22,2.4629455200794586,1.7462428024975576
2024-05-23,2.4646948297942113,1.7334879735371167
2024-05-24,2.486442572720747,1.7449574081768864
2024-05-28,2.4921559783570375,1.7461770697645833
2024-05-29,2.4781539565654773,1.7339493390202816
2024-05-30,2.4481117312731273,1.7224467289259386
2024-05-31,2.4742365492343987,1.7381350098820634
2024-06-03,2.492473486510483,1.7395518696686836
2024-06-04,2.494869775017093,1.7414968579650634
2024-06-05,2.5338655165688557,1.7621948386204767
2024-06-06,2.535750836928276,1.7621616631659034
2024-06-07,2.536441556828524,1.7600196827293249
2024-06-10,2.5457989373759435,1.7654577785159287
2024-06-11,2.528547446583847,1.769709182110685
2024-06-12,2.5422021998362614,1.7842439463295354
2024-06-13,2.543785219936987,1.7878365801834797
2024-06-14,2.555390353959384,1.7889241581290554
2024-06-17,2.5662328898031554,1.8031624038439868
2024-06-18,2.5821918310076866,1.8077437074559595
2024-06-20,2.5823513352881378,1.8028327098854948
2024-06-21,2.563060239196254,1.8004156410522993
2024-06-24,2.5703025569788687,1.7945631611716155
2024-06-25,2.5935100494654315,1.8014739586590591
2024-06-26,2.587133298698538,1.8037222653972518
2024-06-27,2.576754137933919,1.8065656697305226
2024-06-28,2.5671390411741832,1.7994564376918114
2024-07-01,2.6012158614121574,1.8031601371980224
2024-07-02,2.626735158853943,1.8152947293990498
2024-07-03,2.6453146219003463,1.823395928135374
2024-07-05,2.662052505946521,1.833910486647861
2024-07-08,2.6613327102808495,1.8360267097439325
2024-07-09,2.6827897086495263,1.8378120025291675
2024-07-10,2.7099440454423545,1.8559979212795945
2024-07-11,2.665573232614705,1.8399941644169375
2024-07-12,2.661890527273425,1.8516002159907574
2024-07-15,2.686708711277614,1.8566921331209447
2024-07-16,2.7010761995417676,1.8677024689235142
2024-07-17,2.6612394781256596,1.8415154959766549
2024-07-18,2.632363743446233,1.8273635888671034
2024-07-19,2.6121164577194858,1.8152285845486276
2024-07-22,2.640542785147424,1.8339434560437102
2024-07-23,2.645134212411896,1.8310670823145903
2024-07-24,2.5608703889930498,1.7895703582876998
2024-07-25,2.5398534460052895,1.7802462010240938
2024-07-26,2.568132414155398,1.8001842371051824
2024-07-29,2.5593006205434894,1.8012423486532183
2024-07-30,2.557249932287294,1.7921164198821555
2024-07-31,2.593379807641483,1.8212465295847295
2024-08-01,2.5568071452610646,1.7954560136229571
2024-08-02,2.4999041787098455,1.762027518936542
2024-08-05,2.412712707622812,1.710710757326601
2024-08-06,2.432468575769848,1.7264830072127793
2024-08-07,2.423304341988698,1.7149428944306577
2024-08-08,2.473445610514765,1.7545879747631667
2024-08-09,2.4782278977619256,1.7623248616753573
2024-08-12,2.48773859478091,1.7632506835225483
2024-08-13,2.532146060762893,1.7922485035242772
2024-08-14,2.551778727562891,1.7979027549124178
2024-08-15,2.5723210614446312,1.8287190431539548
2024-08-16,2.5859585129540394,1.8328194057039768
2024-08-19,2.6168989643802414,1.8503432577740069
2024-08-20,2.5997842627878027,1.8473345943440418
2024-08-21,2.6004695059215135,1.8536832636322562
2024-08-22,2.5894037999927666,1.8391342813614457
2024-08-23,2.626953923718527,1.8586758604574476
2024-08-26,2.6258690083669274,1.8542451857727613
2024-08-27,2.624110821726426,1.856791453425941
2024-08-28,2.6145690970963735,1.8460123155117643
2024-08-29,2.607812745003096,1.8461773685497342
2024-08-30,2.6264307444555945,1.8638009530422082
2024-09-03,2.557752598666856,1.8254458003223
2024-09-04,2.551141312257802,1.8217093374789637
2024-09-05,2.546519041796674,1.8172786627942774
2024-09-06,2.497073099055347,1.786693778499857
2024-09-09,2.5184067218078927,1.8066979594313681
2024-09-10,2.4976044545440623,1.8145673421031276
2024-09-11,2.5173463192233085,1.8331828932932148
2024-09-12,2.5263779273587823,1.8486241098391945
2024-09-13,2.5378298382132582,1.858279197413637
2024-09-16,2.546552196498161,1.861023487500636
2024-09-17,2.543572430060431,1.8617840502511322
2024-09-18,2.5418705317290176,1.8562622946225609
2024-09-19,2.5867861546829847,1.8879386719783142
2024-09-20,2.58162560057663,1.8846749078479659
2024-09-23,2.57121001751572,1.8893841739275783
2024-09-24,2.580075295011268,1.8947903306119533
2024-09-25,2.5731072203429823,1.8906116657467893
2024-09-26,2.583986042675364,1.8981072578931084
2024-09-27,2.5888760412404124,1.8953541072809748
2024-09-30,2.6032612783085605,1.9029496379084618
2024-10-01,2.580405042291507,1.8859019875497292
2024-10-02,2.583268752635717,1.8866979924007636
2024-10-03,2.5891757922505727,1.8832487754187637
2024-10-04,2.6127300043022927,1.900362158510471
2024-10-07,2.590935725538472,1.8831826305683415
2024-10-08,2.6145198511854435,1.9009926982060876
2024-10-09,2.6316553877513105,1.9141596446146438
2024-10-10,2.630763927983471,1.9108097479376396
2024-10-11,2.6478349869612203,1.922252394943282
2024-10-14,2.676561288190095,1.9379730271190838
2024-10-15,2.642555320203193,1.9229159040347474
2024-10-16,2.6685448371297436,1.9312736458825235
2024-10-17,2.66278738144963,1.9314391110379416
2024-10-18,2.676151686435445,1.938868558333838
2024-10-21,2.6720745964951997,1.935684332870976
2024-10-22,2.6854392172050856,1.9346563058966526
2024-10-23,2.6575638892697047,1.9169787340184758
2024-10-24,2.6638180615826563,1.9211244294877905
2024-10-25,2.659367552256165,1.920461126455049
2024-10-28,2.678297072101815,1.9263978843538725
2024-10-29,2.691562192095166,1.929515552848864
2024-10-30,2.7064223156058804,1.9236785273724843
2024-10-31,2.65147455116609,1.8859683384588763
2024-11-01,2.65671233620213,1.8939281809104973
2024-11-04,2.635547990654515,1.889848836350329
2024-11-05,2.6712574407096574,1.9127001306721438
2024-11-06,2.823319863434318,1.9602609568893252
2024-11-07,2.820461745650345,1.9754178123961055
2024-11-08,2.8218798969616268,1.9839750190887695
2024-11-11,2.805147238042704,1.9858651957645497
2024-11-12,2.7993253385519608,1.9796962096837134
2024-11-13,2.7922005832286483,1.9806578857488903
2024-11-14,2.7858472392257063,1.9679222202497868
2024-11-15,2.7653193929921827,1.9427160868294417
2024-11-18,2.7708876750691394,1.9506759292810623
2024-11-19,2.782438624654055,1.9578065914270752
2024-11-20,2.772422298666544,1.9584698944598167
2024-11-21,2.788495455289356,1.9689836287374074
2024-11-22,2.7929921842134555,1.9750860578503733
2024-11-25,2.7988777175286526,1.9817858512043818
2024-11-26,2.8124941615568955,1.9921337082091062
2024-11-27,2.8124904556711425,1.986097423946563
2024-11-29,2.8242910432484676,1.9984353961082353
2024-12-02,2.8125867757613894,2.0020173149085285
2024-12-03,2.813738611303426,2.002945609460408
2024-12-04,2.8077135489738465,2.0153829019270764
2024-12-05,2.803831056735986,2.0120665928220935
2024-12-06,2.78609415000013,2.0158807398043996
2024-12-09,2.774574808105266,2.005499707345102
2024-12-10,2.755151405097989,1.9992643703551192
2024-12-11,2.750770258595441,2.014720011011783
2024-12-12,2.7400095347760005,2.004338978552486
2024-12-13,2.7311259856560737,2.0039408730976067
2024-12-16,2.713565472646467,2.0124978737315464
2024-12-17,2.7018338369536985,2.004206070675469
2024-12-18,2.641359643464895,1.9444737677456536
2024-12-19,2.6493909987076028,1.9438764035046106
2024-12-20,2.6955142877887357,1.9672245054101283
2024-12-23,2.720781470277769,1.979004676605777
2024-12-24,2.749405818951569,2.0010014453989253
2024-12-26,2.755973808683495,2.0011347653933904
2024-12-27,2.7330558277754418,1.9800697941504308
2024-12-30,2.7117445656554513,1.9574738065877233
2024-12-31,2.7086640149425705,1.9503526231430168
2025-01-02,2.7071890767463134,1.9455603153976093
2025-01-03,2.7286973759682978,1.9698865780662282
2025-01-06,2.752607375222851,1.98123423200008
2025-01-07,2.7413324478112746,1.9588385335171565
2025-01-08,2.7401163984153776,1.9617002770768686
2025-01-10,2.69749106097437,1.9317500536525454
2025-01-13,2.714458825743071,1.9347453232654466
2025-01-14,2.7119210982311563,1.9374073959215463
2025-01-15,2.771544542924912,1.9726487952622203
2025-01-16,2.760097661009682,1.9688550480935958
2025-01-17,2.7731809763925392,1.9886222614924405
2025-01-21,2.784498062939818,2.0068250770582403
2025-01-22,2.775920242290726,2.018106380082945
2025-01-23,2.805383123390888,2.029121249177444
2025-01-24,2.8094430715447505,2.0231978850956844
2025-01-27,2.8364664138188496,1.9945790070874976
2025-01-28,2.860164291621282,2.011717117226092
2025-01-29,2.864185246418535,2.002698751108987
2025-01-30,2.8952515170154283,2.013447392332003
2025-01-31,2.9027972391231236,2.0027319265635604
2025-02-03,2.9077215547750876,1.9892542435991254
2025-02-04,2.9163877138598835,2.002599018686543
2025-02-05,2.9201968278623585,2.0107187627080325
2025-02-06,2.932944549830447,2.0177072443344457
2025-02-07,2.911995798515156,1.9992379948384396
2025-02-10,2.904758381762787,2.0128149981078702
2025-02-11,2.906799183986477,2.014345808368894
2025-02-12,2.9007876356545155,2.0078568130895964
2025-02-13,2.9152405000035615,2.029054692209573
2025-02-14,2.923189418835078,2.028954753728405
2025-02-18,2.9177171810572395,2.034911705382186
2025-02-19,2.9193646128621524,2.0397038070688693
2025-02-20,2.869047145218048,2.0312178966947294
2025-02-21,2.82179299426641,1.9964757776424469
2025-02-24,2.810700881867947,1.9873908545574717
2025-02-25,2.7950766137622933,1.9775074539167732
2025-02-26,2.793527992247221,1.978505396317384
2025-02-27,2.7798735187103722,1.9469246302095933
2025-02-28,2.8385544790023975,1.9773077830131613
2025-03-03,2.7768403345480555,1.942665396383323
2025-03-04,2.718246663893163,1.9196702730721158
2025-03-05,2.7468123815932763,1.9403025209945548
2025-03-06,2.6848343998440836,1.9058602173857762
2025-03-07,2.6909580025512714,1.9165420955821977
2025-03-10,2.5938184508943274,1.8654941375777896
2025-03-11,2.586822498960047,1.8499861580052153
2025-03-12,2.617416704457783,1.859803207736767
2025-03-13,2.5789051485430425,1.8350112523517776
2025-03-14,2.643705069728921,1.8729149304072759
2025-03-17,2.663240345570043,1.8873573803177484
2025-03-18,2.6433542204798464,1.8669579787534947
2025-03-19,2.6707132185436078,1.8872906172911537
2025-03-20,2.6812998691946994,1.8818331519844884
2025-03-21,2.686797034322559,1.8824540069200741
2025-03-24,2.7441048796953202,1.9161660384107928
2025-03-25,2.748744133538001,1.9207722751283762
2025-03-26,2.7042610412317964,1.897841648197799
2025-03-27,2.6765341882667646,1.8928014518073504
2025-03-28,2.616232054540988,1.8546834726788324
2025-03-31,2.6388649609960004,1.8671337468451163
2025-04-01,2.6207539536086975,1.8724074077699224
2025-04-02,2.636945294888513,1.8842566086381305
2025-04-03,2.500239448942079,1.7913989234049887
2025-04-04,2.340490957028989,1.6865251297371524
2025-04-07,2.350882344447263,1.6835212056578408
2025-04-08,2.3103743746957006,1.6571525919457246
2025-04-09,2.5187410066591354,1.8311855660809249
2025-04-10,2.4321695265692473,1.7509448565218295
2025-04-11,2.487716193642095,1.7821862439110976
2025-04-14,2.512452126476781,1.7994764253880462
2025-04-15,2.5161011595274587,1.7944362289975975
2025-04-16,2.450791727669345,1.754549441781769
2025-04-17,2.453479113061322,1.7570528492203448
2025-04-21,2.4014310061779836,1.7152302433213573
2025-04-22,2.4659477273574,1.7598566902785966
2025-04-23,2.508640369535293,1.7871262957616545
2025-04-24,2.558966396350691,1.8247435521907125
2025-04-25,2.585969423521214,1.8379280135908136
2025-04-28,2.5907665757824963,1.8386286132526093
2025-04-29,2.6032552420569997,1.8502109680731624
2025-04-30,2.606556770506347,1.8509451553069796
2025-05-01,2.6181523975649386,1.8640628536804857
2025-05-02,2.6470431114300115,1.8917332433818357
2025-05-05,2.627542489106431,1.8808856939712717
2025-05-06,2.57900495032781,1.8651642375605737
2025-05-07,2.565578106505998,1.8730084810679983
2025-05-08,2.5777729596843244,1.8860590042974619
2025-05-09,2.561010306063016,1.883655947457502
2025-05-12,2.6447516476969244,1.945905875877853
2025-05-13,2.6302792113133133,1.9587565221449807
2025-05-14,2.6085698080377924,1.9612597235248321
2025-05-15,2.636917205694826,1.9708391875475457
2025-05-16,2.657944949441054,1.9833226371684027
2025-05-19,2.6650939848067052,1.985492023415281
2025-05-20,2.6650508162360946,1.9788165449907114
2025-05-21,2.6324418947556545,1.9454719162049876
2025-05-22,2.6409636678436037,1.946239484952102
2025-05-23,2.6273987986550242,1.932954879012109
2025-05-27,2.670891370600835,1.9731423059063373
2025-05-28,2.648788061066574,1.9617268586522707
2025-05-29,2.6589987839076477,1.9694707515610794
2025-05-30,2.6662291129318816,1.9672677777421799
2025-06-02,2.678311802057172,1.978349203804549
2025-06-03,2.6867029610938116,1.9896309189467023
2025-06-04,2.693825108690037,1.9890970207926693
2025-06-05,2.6921926725726393,1.9794839691979342
2025-06-06,2.7303699927655964,1.9998112502087675
2025-06-09,2.7328394128774987,2.001613645868099
2025-06-10,2.7510062473231542,2.012962330095571
2025-06-11,2.748930913907613,2.007221327984602
2025-06-12,2.7560992939789566,2.0151984793690434
2025-06-13,2.7156380128038204,1.9926686366567583
2025-06-16,2.746462683726206,2.011627069563677
2025-06-17,2.727249130720784,1.9944376508027923
2025-06-18,2.7244235371320773,1.9941370111243923
2025-06-20,2.7066569858341243,1.9894539145027355
2025-06-23,2.7313996676563868,2.0091042926050395
2025-06-24,2.7707158642850325,2.031299495949455
2025-06-25,2.791111353132712,2.032437558282425
2025-06-26,2.824548254763426,2.048339316076673
2025-06-27,2.833667332813719,2.0585161443404294
2025-06-30,2.8549370654188198,2.0683581271775924
2025-07-01,2.860721925924957,2.067688848441853
2025-07-02,2.8596655071930086,2.0770622537405092
2025-07-03,2.8865358015745373,2.093432589073265
2025-07-07,2.8645379349089954,2.0778320891335884
2025-07-08,2.8424531108372797,2.0766940268006184
2025-07-09,2.854397676905649,2.089147185789039
2025-07-10,2.8652133626364167,2.0950390228860174
2025-07-11,2.8543246381102394,2.087674278029475
2025-07-14,2.8633777100598734,2.0916580113416803
2025-07-15,2.8412606883003946,2.082719802068234
2025-07-16,2.857463500815464,2.089682732412864
2025-07-17,2.866787065652194,2.1024709428866024
2025-07-18,2.8653321134776166,2.1009310660417198
2025-07-21,2.868378133113908,2.1049147993539252
2025-07-22,2.864199163741068,2.1052160572084975
2025-07-23,2.90562666072544,2.1231260633274114
2025-07-24,2.902478815630336,2.123829135693896
2025-07-25,2.913149036494784,2.1328007264806392
2025-07-28,2.911459388109826,2.1322653859155376
2025-07-29,2.882960519091626,2.1266412191011095
2025-07-30,2.8961203486992195,2.123963073864533
2025-07-31,2.895850517851086,2.115995607240122
2025-08-01,2.8328763834734816,2.081313657335264
2025-08-04,2.8954244579176005,2.1129490290049304
2025-08-05,2.8859676807977857,2.1022366541173483
2025-08-06,2.8877356763172406,2.118339113108829
2025-08-07,2.874454096688302,2.116564741435969
2025-08-08,2.9125138036725864,2.1330688088806378
2025-08-11,2.91433914056895,2.1288505807404547
2025-08-12,2.9701875688250787,2.1515143616233776
2025-08-13,2.9689754474303838,2.158879312538644
2025-08-14,2.982315248476335,2.1590802197946
2025-08-15,2.9971142287880865,2.1540251871760194
2025-08-18,3.002026017599148,2.1535566096375125
2025-08-19,2.9714047367440544,2.141873079983447
2025-08-20,2.9643737858041113,2.1361819440837
2025-08-21,2.9601948566558005,2.1276119617501448
2025-08-22,3.018521562676986,2.1602852512128887
2025-08-25,3.0153835114792513,2.1507777016848713
2025-08-26,3.0233715552210967,2.1597830861023604
2025-08-27,3.0303309377033947,2.1647041805503036
2025-08-28,3.0381082219281628,2.1723703893201423
2025-08-29,3.0336990014854,2.159414859162469
2025-09-02,3.010824129248287,2.1434129568283287
2025-09-03,3.0348763401349315,2.1550293113383514
2025-09-04,3.06846155831363,2.173040080173329
2025-09-05,3.0378028715892453,2.16674601644699
2025-09-08,3.044506485943802,2.1720693375242934
2025-09-09,3.112385926665698,2.177090576512129
2025-09-10,3.1243443967955873,2.1833842281210196
2025-09-11,3.15656869713854,2.2015285230091868
2025-09-12,3.162381287961937,2.200791863070681
2025-09-15,3.1836703524511036,2.2125089802967675
2025-09-16,3.169455856546926,2.2094626081203
2025-09-17,3.1754067515347053,2.206717493798405
2025-09-18,3.1925439358947623,2.217028260232799
2025-09-19,3.2113537811550246,2.2280089235791043
2025-09-22,3.211798455805014,2.2385496515495467
2025-09-23,3.204008205377825,2.2263641628436766
2025-09-24,3.191875351308875,2.219280688145473
2025-09-25,3.1848143961588358,2.209042042264499
2025-09-26,3.1997477051980625,2.2216979630373923
2025-09-29,3.212978572709771,2.2279417484350614
2025-09-30,3.2122697095502186,2.2363341081484793
2025-10-01,3.2194862762265766,2.243954571881577
2025-10-02,3.2097458612999756,2.246538960398708
2025-10-03,3.2278338600657888,2.2465057849441346
2025-10-06,3.2233627438595174,2.2545622689373386
2025-10-07,3.216160242178883,2.246203496795942
2025-10-08,3.215710570453693,2.2595977259771334
2025-10-09,3.216149323425519,2.253051652431272
2025-10-10,3.1425613371190226,2.1921565601216
2025-10-13,3.192993188452433,2.2257931741193135
2025-10-14,3.1760663273413723,2.2230740231966495
2025-10-15,3.21398330767806,2.2329436179028357
2025-10-16,3.1860258941139787,2.2177366901261095
2025-10-17,3.201108869649754,2.230325229696236
2025-10-20,3.250118230746058,2.253521672380847
2025-10-21,3.2209359985199066,2.2534878787501014
2025-10-22,3.1960400314358113,2.241772409993807
2025-10-23,3.2098896021005143,2.2550658764589344
2025-10-24,3.2625761773746813,2.2734955626799214
2025-10-27,3.3075926217144835,2.300317608614326
2025-10-28,3.316852177889165,2.306427249782634
2025-10-29,3.3132017620641085,2.307535021483168
2025-10-30,3.3286248084291996,2.2821564169107864
2025-10-31,3.3097184183463106,2.289642530355799
2025-11-03,3.2881296326791345,2.2939394729285723
2025-11-04,3.2653591479519744,2.2667481697606564
2025-11-05,3.27666114506757,2.274603334380456
2025-11-06,3.2576969886759897,2.250198357279247
2025-11-07,3.247901987612072,2.2524136946215902
2025-11-10,3.292882870070748,2.2875613372428183
2025-11-11,3.3336122159591643,2.292797907597294
2025-11-12,3.3639605610928633,2.2940736171579346
2025-11-13,3.309918016868301,2.2560057102993625
2025-11-14,3.281325710039754,2.2556366591245753
2025-11-17,3.2728677576821648,2.2346219662102857
2025-11-18,3.257969327090098,2.215856816386533
2025-11-19,3.273418097845044,2.2244171139600577
2025-11-20,3.2378033499678893,2.190511799386173
2025-11-21,3.2832072431067973,2.212331975852804
2025-11-24,3.3289410727765985,2.2448941996632814
2025-11-25,3.3681824471887936,2.266009449234911
2025-11-26,3.378243046649563,2.2816530154479153
2025-11-28,3.391203841319646,2.294107204729956
2025-12-01,3.3646560852551635,2.283633651903557
2025-12-02,3.374544613419358,2.287863419332287
2025-12-03,3.401276393343118,2.2957857590961295
2025-12-04,3.4121065276749682,2.2974641074035786
2025-12-05,3.4206445643375125,2.3018282251203943
2025-12-08,3.4161476222790546,2.2949128943410217
2025-12-09,3.39251653100369,2.292932051826656
2025-12-10,3.426662098882013,2.30813939172083
2025-12-11,3.444673994798283,2.313510312363391
2025-12-12,3.4254420472757583,2.2886353153126064
2025-12-15,3.429642018070903,2.28517764992292
2025-12-16,3.407205858102459,2.278933864525251
2025-12-17,3.3725131098506753,2.253857342042338
2025-12-18,3.38951505332295,2.2708769684145986
2025-12-19,3.430642070774731,2.291458938008367
2025-12-22,3.4682753033869838,2.305734480352353
2025-12-23,3.490031617075961,2.3162727356181065
2025-12-24,3.5128470632827136,2.324420503626068
2025-12-26,3.5109806828272436,2.324184772445746
2025-12-29,3.4851053610187925,2.315902242032251
2025-12-30,3.478729316560451,2.313074292103285
2025-12-31,3.4604905212281762,2.295936800140863
2026-01-02,3.493625181939543,2.3001453435210157
2026-01-05,3.5312363185041336,2.315464573302353
2026-01-06,3.5574853138465223,2.3292350657136742
2026-01-07,3.536700097950225,2.321727110043912
2026-01-08,3.546329034780303,2.3214913788635902
2026-01-09,3.5530065116569682,2.3368441962169495
2026-01-12,3.5476968372528073,2.340514102092415
2026-01-13,3.5206418150608907,2.335834302410343
2026-01-14,3.508329125716076,2.324353122423302
2026-01-15,3.553278514884624,2.330682834308903
2026-01-16,3.526087475140056,2.3287300157810096
2026-01-20,3.486009608219475,2.281324557841768
2026-01-21,3.515352512606034,2.307653505249503
2026-01-22,3.550077809505628,2.319706910313252
2026-01-23,3.534033630336245,2.3205484541423034
2026-01-26,3.5612909157739443,2.332332540453709
2026-01-27,3.5177077894726976,2.3416251707325344
2026-01-28,3.524840430992292,2.341389439552213
2026-01-29,3.543922830222812,2.3367432274421622
2026-01-30,3.534739295281065,2.3297737032183625
2026-02-02,3.571551876277701,2.341355851980192
2026-02-03,3.541592159508487,2.3215587600663588
2026-02-04,3.5487948121766375,2.3103133112596397
2026-02-05,3.5092262370661294,2.2814593202473032
2026-02-06,3.5902256677955573,2.3252284598831006
2026-02-09,3.600338151396133,2.3364403211177986
2026-02-10,3.58182350895128,2.3302787531510285
2026-02-11,3.568670472012107,2.329740321705066
2026-02-12,3.5010712602233443,2.2937484564913744
2026-02-13,3.4942720808127468,2.295364369005434
2026-02-17,3.505249273302615,2.299067862452921
2026-02-18,3.5393779363791302,2.3106500112147503
2026-02-19,3.5145330708554923,2.304555824450747
2026-02-20,3.5347963630224126,2.3212220601112494
2026-02-23,3.497636650097206,2.2975193311416287
2026-02-24,3.5168280572868094,2.3142187422567044
2026-02-25,3.5574872025135016,2.333746927535642
2026-02-26,3.534459801625874,2.320784185322627
2026-02-27,3.468311384096749,2.30963991134942
2026-03-02,3.4771059596912273,2.310953123597839
2026-03-03,3.4641952819098325,2.290583600548574
2026-03-04,3.479190781249293,2.306744374158963
2026-03-05,3.4264666700297584,2.2938830128381844
2026-03-06,3.386660371438425,2.263816778352217
2026-03-09,3.410943108696609,2.2836478699555203
2026-03-10,3.420789201915742,2.2799777580213303
2026-03-11,3.4175243665343222,2.2771160144616185
2026-03-12,3.3529868724506904,2.24253812421241
2026-03-13,3.319488857641865,2.229845112869186
2026-03-16,3.349814128885047,2.252537948032201
2026-03-17,3.3577908392276385,2.258463372701201
2026-03-18,3.315312309290643,2.226949575678729
2026-03-19,3.3060406250458536,2.221461613680903
2026-03-20,3.2849969954875275,2.189615237877802
2026-03-23,3.295919243804967,2.2126062400145283
2026-03-24,3.2884479171457484,2.2051788533058723
2026-03-25,3.314396692803101,2.217467783491219
2026-03-26,3.2900922429383668,2.1778665936669346
2026-03-27,3.225595550907769,2.140729866182379
2026-03-30,3.241777495065987,2.1335724164022385
2026-03-31,3.326336674455837,2.195590940875473
2026-04-01,3.35104314288187,2.2121335413015406
2026-04-02,3.3556552011093608,2.2141255109870053
2026-04-06,3.3684309669968924,2.2245912335818905
2026-04-07,3.3846824882915527,2.2255702185798882
2026-04-08,3.4547258893914305,2.2822545008634436
2026-04-09,3.4609016568236433,2.2954210351545514
2026-04-10,3.437082273873827,2.293901970240799
2026-04-13,3.478358013384199,2.3163188927723
2026-04-14,3.498689947477005,2.3445429622651925
2026-04-15,3.5279164285647395,2.3630437387459793
2026-04-16,3.5186023522736285,2.368850473589922
2026-04-17,3.5649400756327854,2.3974796545343118
2026-04-20,3.551743112142487,2.3926854922603877
