Date,Ticker,Sector,Rank,Final_Score,ML_Score,Momentum_Score,Return_20,Return_60,RSI,Volatility,Volume_change,Signal_Summary
2020-01-31,ABBV,Healthcare,1,0.8429364657293923,0.0198993934119186,0.0517061877547052,-0.0952541163372295,-0.0237378150549772,13.848925675856464,0.0097657678155787,0.275998160073597,Final Score=0.843; ML Score=0.02; Momentum Score=0.052; 20D Return=-0.095; 60D Return=-0.024; RSI=13.849; Volatility=0.01
2020-01-31,UNH,Healthcare,2,0.0190929515437942,0.0141534727748696,0.034705853475663,-0.0685469668135684,0.0843781580379352,31.181536697596172,0.0164303489962668,0.3135951374709149,Final Score=0.019; ML Score=0.014; Momentum Score=0.035; 20D Return=-0.069; 60D Return=0.084; RSI=31.182; Volatility=0.016
2020-01-31,JNJ,Healthcare,3,-0.009317288940356,0.0156378646743449,0.0920805315758091,0.0198670539989902,0.1431313829468761,69.82311845030168,0.0054876494122691,0.3370784780391309,Final Score=-0.009; ML Score=0.016; Momentum Score=0.092; 20D Return=0.02; 60D Return=0.143; RSI=69.823; Volatility=0.005
2020-02-28,PFE,Healthcare,1,0.3358829404771059,0.0337176749354391,-0.0970413250869469,-0.0984622998656804,-0.1271872416517111,15.805044745741966,0.0131403262335227,0.1914086592785293,Final Score=0.336; ML Score=0.034; Momentum Score=-0.097; 20D Return=-0.098; 60D Return=-0.127; RSI=15.805; Volatility=0.013
2020-02-28,UNH,Healthcare,2,0.3200704297934121,0.0349222273474731,-0.0284652491901149,-0.0926044674178869,-0.08832152122148,29.185917051921574,0.0298402127443893,0.3099167576239758,Final Score=0.32; ML Score=0.035; Momentum Score=-0.028; 20D Return=-0.093; 60D Return=-0.088; RSI=29.186; Volatility=0.03
2020-02-28,ABBV,Healthcare,3,0.2870089388582342,0.0295309060512328,0.0840831007707045,0.0480557638033456,-0.0151671804359283,34.22818399202389,0.0236045569001436,0.3007522507596534,Final Score=0.287; ML Score=0.03; Momentum Score=0.084; 20D Return=0.048; 60D Return=-0.015; RSI=34.228; Volatility=0.024
2020-03-31,UNH,Healthcare,1,0.8761490499657528,-0.0358669547559004,0.0159217197574929,-0.0459831266041721,-0.1387027784655141,44.41428873596355,0.0795928696876327,0.0227059485832239,Final Score=0.876; ML Score=-0.036; Momentum Score=0.016; 20D Return=-0.046; 60D Return=-0.139; RSI=44.414; Volatility=0.08
2020-03-31,JNJ,Healthcare,2,0.7242922708910104,-0.0556086042168906,-0.0207658552612785,-0.0328932190835363,-0.0911421819222478,49.61892930843164,0.0539522998875522,-0.2761744966442953,Final Score=0.724; ML Score=-0.056; Momentum Score=-0.021; 20D Return=-0.033; 60D Return=-0.091; RSI=49.619; Volatility=0.054
2020-03-31,MRK,Healthcare,3,0.2092808658251045,-0.0975065233645527,-0.0621258734139831,-0.0276759311147185,-0.1568219075911286,47.35395020305899,0.0480715339009642,-0.0457906429258264,Final Score=0.209; ML Score=-0.098; Momentum Score=-0.062; 20D Return=-0.028; 60D Return=-0.157; RSI=47.354; Volatility=0.048
2020-04-30,UNH,Healthcare,1,0.4515225527274366,0.0205178175954447,0.1212624192399251,0.2323866180449769,0.0414114977726318,65.6194863076254,0.0352135035307742,0.7921519819650573,Final Score=0.452; ML Score=0.021; Momentum Score=0.121; 20D Return=0.232; 60D Return=0.041; RSI=65.619; Volatility=0.035
2020-04-30,JNJ,Healthcare,2,0.2330164448464064,0.0189628818434629,0.0755926183857955,0.1648163661976769,-0.0102903216001033,66.10602484922535,0.0204956145179349,0.5971223021582734,Final Score=0.233; ML Score=0.019; Momentum Score=0.076; 20D Return=0.165; 60D Return=-0.01; RSI=66.106; Volatility=0.02
2020-04-30,PFE,Healthcare,3,-0.0010573585835651,0.0083448301517585,0.0607777756949452,0.2081889630961371,0.0177765953122948,68.53932471469912,0.0199649072459749,0.1105806938430045,Final Score=-0.001; ML Score=0.008; Momentum Score=0.061; 20D Return=0.208; 60D Return=0.018; RSI=68.539; Volatility=0.02
2020-05-29,UNH,Healthcare,1,-0.0131059659186139,0.0135680482153746,0.0621990632618433,0.0423291442922049,0.0533134958188852,67.12067416190774,0.0183880330336816,0.424778357681701,Final Score=-0.013; ML Score=0.014; Momentum Score=0.062; 20D Return=0.042; 60D Return=0.053; RSI=67.121; Volatility=0.018
2020-05-29,ABBV,Healthcare,2,-0.1449473371813689,0.0099337835227105,0.0519322881676175,0.1273722823529499,0.010027227999404,73.50245660235817,0.0189073942450606,0.5695821307566822,Final Score=-0.145; ML Score=0.01; Momentum Score=0.052; 20D Return=0.127; 60D Return=0.01; RSI=73.502; Volatility=0.019
2020-05-29,JNJ,Healthcare,3,-0.1637901011801954,0.0114833399084362,0.0344326157781379,-0.0085976629155983,0.0367298886910227,50.15328943121529,0.0096002965776039,0.3739175390978415,Final Score=-0.164; ML Score=0.011; Momentum Score=0.034; 20D Return=-0.009; 60D Return=0.037; RSI=50.153; Volatility=0.01
2020-06-30,UNH,Healthcare,1,0.2905399907189394,0.0548687867905303,0.0756956988261986,-0.0370865640759553,0.2852412094077756,42.529065152554054,0.02487499092992,0.2444944201637884,Final Score=0.291; ML Score=0.055; Momentum Score=0.076; 20D Return=-0.037; 60D Return=0.285; RSI=42.529; Volatility=0.025
2020-06-30,ABBV,Healthcare,2,-0.0909784002637859,0.0149623404444134,0.1523295803508262,0.0784270575334613,0.3381490613307838,53.70799300889095,0.0169872564639698,0.2151009526091905,Final Score=-0.091; ML Score=0.015; Momentum Score=0.152; 20D Return=0.078; 60D Return=0.338; RSI=53.708; Volatility=0.017
2020-06-30,JNJ,Healthcare,3,-0.665200911168508,0.0130953366225792,-0.0086316098987193,-0.0513996297955311,0.0481479227996473,34.15821522897265,0.0145118605616016,0.4573618592037365,Final Score=-0.665; ML Score=0.013; Momentum Score=-0.009; 20D Return=-0.051; 60D Return=0.048; RSI=34.158; Volatility=0.015
2020-07-31,ABBV,Healthcare,1,-0.1582761850179609,0.0163114351509345,0.0224923675868552,-0.0401496126778195,0.1110981701778375,37.67755686344996,0.0098623544011277,1.279185837947438,Final Score=-0.158; ML Score=0.016; Momentum Score=0.022; 20D Return=-0.04; 60D Return=0.111; RSI=37.678; Volatility=0.01
2020-07-31,UNH,Healthcare,2,-0.243406557668159,0.0098012616754475,0.0377834433362058,0.0151545258019125,0.0485161557593911,53.53932671238564,0.0150402999135434,0.7745884913617196,Final Score=-0.243; ML Score=0.01; Momentum Score=0.038; 20D Return=0.015; 60D Return=0.049; RSI=53.539; Volatility=0.015
2020-07-31,PFE,Healthcare,3,-0.2451815466849011,0.0106398441186381,0.0322422145166479,0.1150390616352923,-0.0007790806305646,72.99580230395436,0.0190808112874057,-0.1177943865047669,Final Score=-0.245; ML Score=0.011; Momentum Score=0.032; 20D Return=0.115; 60D Return=-0.001; RSI=72.996; Volatility=0.019
2020-08-31,PFE,Healthcare,1,-0.3498001347457799,0.0165291962576064,0.0691724975277964,-0.0146023940461484,0.0500138640660166,50.0,0.0072140683165849,-0.0852272240959699,Final Score=-0.35; ML Score=0.017; Momentum Score=0.069; 20D Return=-0.015; 60D Return=0.05; RSI=50.0; Volatility=0.007
2020-08-31,JNJ,Healthcare,2,-0.391169307154212,0.0141999040161225,0.0792976994331013,0.0411265511203067,0.0414799761287489,77.71086552300112,0.0067312863977132,0.1792167837351965,Final Score=-0.391; ML Score=0.014; Momentum Score=0.079; 20D Return=0.041; 60D Return=0.041; RSI=77.711; Volatility=0.007
2020-08-31,ABBV,Healthcare,3,-0.4659061362997841,0.0135310067226144,0.0528270159070699,-0.0017720011883851,0.0204581587657111,64.62263641683275,0.0108906210584783,1.0112791851446854,Final Score=-0.466; ML Score=0.014; Momentum Score=0.053; 20D Return=-0.002; 60D Return=0.02; RSI=64.623; Volatility=0.011
2020-09-30,ABBV,Healthcare,1,-0.181983289017142,0.032230204530649,-0.0104111068731857,-0.0504119864871045,-0.1183694244272559,39.35947767022889,0.0123610722320888,0.4901886038955145,Final Score=-0.182; ML Score=0.032; Momentum Score=-0.01; 20D Return=-0.05; 60D Return=-0.118; RSI=39.359; Volatility=0.012
2020-09-30,UNH,Healthcare,2,-0.3112548712942815,0.0127943901707384,0.0878201001783041,-0.0033884141677348,0.0509691401593745,56.84813239112464,0.0172648648234814,0.9453220602959173,Final Score=-0.311; ML Score=0.013; Momentum Score=0.088; 20D Return=-0.003; 60D Return=0.051; RSI=56.848; Volatility=0.017
2020-09-30,PFE,Healthcare,3,-0.4455688503853219,0.0133325016414953,0.0384341379199175,-0.0048807567533269,0.0784600624784372,61.5894080880754,0.0117620773699072,0.6746930673256322,Final Score=-0.446; ML Score=0.013; Momentum Score=0.038; 20D Return=-0.005; 60D Return=0.078; RSI=61.589; Volatility=0.012
2020-10-30,JNJ,Healthcare,1,-0.2147172934687942,0.0264323247525616,-0.0659677168346325,-0.0624316502999535,-0.0707556911248865,12.480945966219252,0.0129875007317856,0.0220251478058122,Final Score=-0.215; ML Score=0.026; Momentum Score=-0.066; 20D Return=-0.062; 60D Return=-0.071; RSI=12.481; Volatility=0.013
2020-10-30,MRK,Healthcare,2,-0.2716364990414576,0.0197616905767397,-0.053111700587861,-0.0691831647774574,-0.0720542679172102,26.397732202952596,0.0105094962809122,0.1913655439855448,Final Score=-0.272; ML Score=0.02; Momentum Score=-0.053; 20D Return=-0.069; 60D Return=-0.072; RSI=26.398; Volatility=0.011
2020-10-30,ABBV,Healthcare,3,-0.39504745779105,0.0153400319497543,-0.0459642833865325,-0.0118439879230196,-0.0806957032011397,40.75773714213637,0.0191432715364527,1.0378181080807058,Final Score=-0.395; ML Score=0.015; Momentum Score=-0.046; 20D Return=-0.012; 60D Return=-0.081; RSI=40.758; Volatility=0.019
2020-11-30,ABBV,Healthcare,1,0.170774756778459,0.0146206642789705,0.1205889533043709,0.2289072115889339,0.1383476510774952,81.61764593385377,0.0207771209082521,3.6905268398660263,Final Score=0.171; ML Score=0.015; Momentum Score=0.121; 20D Return=0.229; 60D Return=0.138; RSI=81.618; Volatility=0.021
2020-11-30,PFE,Healthcare,2,-0.0500534105576058,0.0154090703827294,0.110431741851329,0.1380705035178779,0.1093061325480466,57.4985689314637,0.024741189969412,1.588357004391344,Final Score=-0.05; ML Score=0.015; Momentum Score=0.11; 20D Return=0.138; 60D Return=0.109; RSI=57.499; Volatility=0.025
2020-11-30,UNH,Healthcare,3,-0.1720834771712476,0.0179165052837514,0.075279634599698,0.1022480834753833,0.0635929059637288,34.2626663788357,0.0268191409009001,2.3784806877967406,Final Score=-0.172; ML Score=0.018; Momentum Score=0.075; 20D Return=0.102; 60D Return=0.064; RSI=34.263; Volatility=0.027
2020-12-31,ABBV,Healthcare,1,0.044000018507294,0.017188210794189,0.1172191514367784,0.02057342324087,0.2475259318582874,48.71408207667491,0.0124282857926721,0.1538360483447187,Final Score=0.044; ML Score=0.017; Momentum Score=0.117; 20D Return=0.021; 60D Return=0.248; RSI=48.714; Volatility=0.012
2020-12-31,PFE,Healthcare,2,-0.2197055339223373,0.019737194586623,0.0353755446671403,-0.0977940671171687,0.0726497854705097,16.30132605369431,0.0174653877961885,0.2373140804666971,Final Score=-0.22; ML Score=0.02; Momentum Score=0.035; 20D Return=-0.098; 60D Return=0.073; RSI=16.301; Volatility=0.017
2020-12-31,UNH,Healthcare,3,-0.2268546004771224,0.0154539349851164,0.1016992311748489,0.008976853317711,0.1152169790500643,64.99861812079368,0.0086673438741811,0.055198285101822,Final Score=-0.227; ML Score=0.015; Momentum Score=0.102; 20D Return=0.009; 60D Return=0.115; RSI=64.999; Volatility=0.009
2021-01-29,JNJ,Healthcare,1,-0.2083281080184492,0.0154636961770209,0.0957776652496991,0.0453700845408278,0.1762203620389413,55.62844330699776,0.0136412199060525,1.5162000804972946,Final Score=-0.208; ML Score=0.015; Momentum Score=0.096; 20D Return=0.045; 60D Return=0.176; RSI=55.628; Volatility=0.014
2021-01-29,ABBV,Healthcare,2,-0.3533329334686891,0.0143070606773936,0.0677441754667244,-0.0265032143545391,0.1612464969624203,39.206866248029904,0.0179196568982183,0.0991411129208019,Final Score=-0.353; ML Score=0.014; Momentum Score=0.068; 20D Return=-0.027; 60D Return=0.161; RSI=39.207; Volatility=0.018
2021-01-29,UNH,Healthcare,3,-0.4983003109788881,0.0166407183893803,0.0262743015730865,-0.0330734339693675,0.0688240309153522,21.495516915960337,0.0160283433377594,0.4077042492508755,Final Score=-0.498; ML Score=0.017; Momentum Score=0.026; 20D Return=-0.033; 60D Return=0.069; RSI=21.496; Volatility=0.016
2021-02-26,PFE,Healthcare,1,0.6709371736882561,0.0250423273491116,-0.0656920908768873,-0.0660903204558404,-0.1258157014367696,24.912362420042,0.006965480962541,0.105494839506107,Final Score=0.671; ML Score=0.025; Momentum Score=-0.066; 20D Return=-0.066; 60D Return=-0.126; RSI=24.912; Volatility=0.007
2021-02-26,ABBV,Healthcare,2,-0.1699182697344328,0.0146386579972657,0.080199633855441,0.033873897037802,0.0302160640408069,46.965037660458066,0.014574341771516,0.4829421572399641,Final Score=-0.17; ML Score=0.015; Momentum Score=0.08; 20D Return=0.034; 60D Return=0.03; RSI=46.965; Volatility=0.015
2021-02-26,JNJ,Healthcare,3,-0.2630190977919541,0.0155708420452627,0.0326152491391946,-0.063253704874676,0.0952447797600188,33.10773594778442,0.0125331398210951,0.4833276747224708,Final Score=-0.263; ML Score=0.016; Momentum Score=0.033; 20D Return=-0.063; 60D Return=0.095; RSI=33.108; Volatility=0.013
2021-03-31,ABBV,Healthcare,1,-0.1525194432665229,0.0131635506068322,0.1033554427273947,0.0141505214992565,0.0266577882645859,50.83852043138426,0.0167635568746421,0.6899198744887096,Final Score=-0.153; ML Score=0.013; Momentum Score=0.103; 20D Return=0.014; 60D Return=0.027; RSI=50.839; Volatility=0.017
2021-03-31,UNH,Healthcare,2,-0.2098072914393848,0.0127162256640348,0.0964808581666061,0.1177637299307521,0.0645779894827431,72.54577095192118,0.0121219084191635,0.0947488584474884,Final Score=-0.21; ML Score=0.013; Momentum Score=0.096; 20D Return=0.118; 60D Return=0.065; RSI=72.546; Volatility=0.012
2021-03-31,JNJ,Healthcare,3,-0.2776350216142443,0.0132963893366012,0.0666977890029641,0.0520420229118208,0.0501597834090454,72.55419525219338,0.0087515005059725,0.1444384561170764,Final Score=-0.278; ML Score=0.013; Momentum Score=0.067; 20D Return=0.052; 60D Return=0.05; RSI=72.554; Volatility=0.009
2021-04-30,UNH,Healthcare,1,-0.0514338500161594,0.0153671124380979,0.1146508865942286,0.0864412232970157,0.1802656796706641,72.48402061887082,0.0133955629936219,0.166090658652642,Final Score=-0.051; ML Score=0.015; Momentum Score=0.115; 20D Return=0.086; 60D Return=0.18; RSI=72.484; Volatility=0.013
2021-04-30,PFE,Healthcare,2,-0.2226279183466867,0.0140147640732082,0.0875265596965656,0.0647383564245125,0.109357099787728,69.35482453287581,0.0103053798088233,0.205512231961781,Final Score=-0.223; ML Score=0.014; Momentum Score=0.088; 20D Return=0.065; 60D Return=0.109; RSI=69.355; Volatility=0.01
2021-04-30,ABBV,Healthcare,3,-0.2316408130929186,0.0140250807990285,0.084949913527259,0.0274604077507958,0.0425432742551621,64.09367018249671,0.0104661813711651,0.5628592962596244,Final Score=-0.232; ML Score=0.014; Momentum Score=0.085; 20D Return=0.027; 60D Return=0.043; RSI=64.094; Volatility=0.01
2021-05-28,UNH,Healthcare,1,0.3260208998105363,0.0191179887747682,0.1389335610237078,0.0328987613750295,0.2339954358479929,35.909484440600835,0.0088697281964838,0.1597120188069349,Final Score=0.326; ML Score=0.019; Momentum Score=0.139; 20D Return=0.033; 60D Return=0.234; RSI=35.909; Volatility=0.009
2021-05-28,JNJ,Healthcare,2,-0.0978921408492811,0.0158007827949676,0.0824309709121446,0.0400663949096236,0.1057032201057539,43.91407028130366,0.0066898436024357,-0.2112092868497911,Final Score=-0.098; ML Score=0.016; Momentum Score=0.082; 20D Return=0.04; 60D Return=0.106; RSI=43.914; Volatility=0.007
2021-05-28,ABBV,Healthcare,3,-0.6210164230595585,0.0080457963877323,0.0400299929238855,0.0152466094012753,0.0714623314086173,37.97768766127426,0.0113943766768746,-0.7309588729834129,Final Score=-0.621; ML Score=0.008; Momentum Score=0.04; 20D Return=0.015; 60D Return=0.071; RSI=37.978; Volatility=0.011
2021-06-30,ABBV,Healthcare,1,0.0723848965838016,0.0171873824101838,0.0405547107129469,0.0111310399172792,0.0688935502510177,31.781351038503033,0.0092498525842683,-0.1298510810857448,Final Score=0.072; ML Score=0.017; Momentum Score=0.041; 20D Return=0.011; 60D Return=0.069; RSI=31.781; Volatility=0.009
2021-06-30,UNH,Healthcare,2,-0.0886641556170951,0.0136951886479708,0.0628343801108437,-0.0133300568701469,0.0989928034898099,48.90921703049348,0.0098653460191915,0.1695135838620465,Final Score=-0.089; ML Score=0.014; Momentum Score=0.063; 20D Return=-0.013; 60D Return=0.099; RSI=48.909; Volatility=0.01
2021-06-30,PFE,Healthcare,3,-0.1979115326721715,0.0131602579158696,0.0480436556096499,0.0095385131000771,0.0862690894915299,31.730763058690417,0.0111999149725193,0.463710510725652,Final Score=-0.198; ML Score=0.013; Momentum Score=0.048; 20D Return=0.01; 60D Return=0.086; RSI=31.731; Volatility=0.011
2021-07-30,PFE,Healthcare,1,-0.105248206557378,0.0077332916798967,0.1221264835630423,0.0821536877446682,0.0710532916150341,80.19812301333107,0.0103549629305964,-0.1465345510942616,Final Score=-0.105; ML Score=0.008; Momentum Score=0.122; 20D Return=0.082; 60D Return=0.071; RSI=80.198; Volatility=0.01
2021-07-30,UNH,Healthcare,2,-0.2534687795989592,0.008355891996898,0.0962817602411119,0.0181036486627861,-0.0006787849195075,45.84239538396744,0.0094238999180183,0.1670944719213674,Final Score=-0.253; ML Score=0.008; Momentum Score=0.096; 20D Return=0.018; 60D Return=-0.001; RSI=45.842; Volatility=0.009
2021-07-30,ABBV,Healthcare,3,-0.5219153526980627,0.0130022059556994,0.0335098086261283,0.0178540248327239,0.0044913135078898,43.49955141031675,0.008132672244204,0.9466344285652606,Final Score=-0.522; ML Score=0.013; Momentum Score=0.034; 20D Return=0.018; 60D Return=0.004; RSI=43.5; Volatility=0.008
2021-08-31,PFE,Healthcare,1,-0.0246188397742778,0.0111805031438324,0.1635700928294631,0.0085376398214307,0.1815849631077992,48.92856327854357,0.0223427860000324,0.3403920168849712,Final Score=-0.025; ML Score=0.011; Momentum Score=0.164; 20D Return=0.009; 60D Return=0.182; RSI=48.929; Volatility=0.022
2021-08-31,UNH,Healthcare,2,-0.1348215406213481,0.0146283249733004,0.0694245258889361,-0.0133444061726956,0.0400249569360946,58.247921281042096,0.0115120162084483,2.308752530758449,Final Score=-0.135; ML Score=0.015; Momentum Score=0.069; 20D Return=-0.013; 60D Return=0.04; RSI=58.248; Volatility=0.012
2021-08-31,ABBV,Healthcare,3,-0.1948878714284234,0.013777138515279,0.0716870749980752,0.0389677314348118,0.0687549464312007,76.26486709869619,0.0091525112980261,0.8466680977644208,Final Score=-0.195; ML Score=0.014; Momentum Score=0.072; 20D Return=0.039; 60D Return=0.069; RSI=76.265; Volatility=0.009
2021-09-30,PFE,Healthcare,1,0.6934670070581718,0.0239338672129029,0.0679169891660829,-0.0658123921316484,0.0930114355612781,24.7058568336208,0.0093588109804184,0.169987581221032,Final Score=0.693; ML Score=0.024; Momentum Score=0.068; 20D Return=-0.066; 60D Return=0.093; RSI=24.706; Volatility=0.009
2021-09-30,ABBV,Healthcare,2,0.1106016054231385,0.0181507459035042,-0.031172286204437,-0.0391911822218452,-0.0760599336481196,55.26084305165054,0.0112701158665563,0.257778982791343,Final Score=0.111; ML Score=0.018; Momentum Score=-0.031; 20D Return=-0.039; 60D Return=-0.076; RSI=55.261; Volatility=0.011
2021-09-30,UNH,Healthcare,3,0.0575070150418345,0.0190636296546875,-0.0209035659849665,-0.0637594716185064,-0.0508186689054823,37.93291274944091,0.0128136058936801,0.8382045421387929,Final Score=0.058; ML Score=0.019; Momentum Score=-0.021; 20D Return=-0.064; 60D Return=-0.051; RSI=37.933; Volatility=0.013
2021-10-29,MRK,Healthcare,1,0.4065870671203429,0.0234821600270423,0.1454915742547004,0.0816953489093574,0.1648367154057053,76.81640411423135,0.0192897118794424,-0.352666983195112,Final Score=0.407; ML Score=0.023; Momentum Score=0.145; 20D Return=0.082; 60D Return=0.165; RSI=76.816; Volatility=0.019
2021-10-29,UNH,Healthcare,2,-0.2155410103917081,0.0111416302052292,0.1158684880377354,0.1733812649766943,0.1198472688701111,90.39020985049147,0.0137672474418657,0.4933636254932441,Final Score=-0.216; ML Score=0.011; Momentum Score=0.116; 20D Return=0.173; 60D Return=0.12; RSI=90.39; Volatility=0.014
2021-10-29,PFE,Healthcare,3,-0.4464549960242596,0.0120626486268791,0.0360481169782909,0.0188679563832512,-0.0292942666354786,67.28395158631733,0.0101376113085684,0.6815639668431039,Final Score=-0.446; ML Score=0.012; Momentum Score=0.036; 20D Return=0.019; 60D Return=-0.029; RSI=67.284; Volatility=0.01
2021-11-30,PFE,Healthcare,1,0.5398886134115632,0.0295905243051161,0.210061786087637,0.2312099059052983,0.1470964852092933,75.45525660851496,0.0328223288178063,-0.110959416907053,Final Score=0.54; ML Score=0.03; Momentum Score=0.21; 20D Return=0.231; 60D Return=0.147; RSI=75.455; Volatility=0.033
2021-11-30,UNH,Healthcare,2,-0.2181070781808491,0.0129254761514219,0.0503382755009461,-0.0217788299088,0.0505132114862607,36.35992171874664,0.0134053971863974,0.8225359707821653,Final Score=-0.218; ML Score=0.013; Momentum Score=0.05; 20D Return=-0.022; 60D Return=0.051; RSI=36.36; Volatility=0.013
2021-11-30,ABBV,Healthcare,3,-0.3815095974871242,0.0103289351156188,0.0072852137114997,0.0040937307786568,0.0327897862628114,48.66611980066117,0.0102793589235283,0.8689765580331619,Final Score=-0.382; ML Score=0.01; Momentum Score=0.007; 20D Return=0.004; 60D Return=0.033; RSI=48.666; Volatility=0.01
2021-12-31,PFE,Healthcare,1,1.4290660106262758,0.0319008425801351,0.3163641584252855,0.1133106752977786,0.4052831650112556,66.61367464936421,0.0272174619067616,0.163711877519443,Final Score=1.429; ML Score=0.032; Momentum Score=0.316; 20D Return=0.113; 60D Return=0.405; RSI=66.614; Volatility=0.027
2021-12-31,UNH,Healthcare,2,0.6807121262702134,0.0290885058622602,0.1792190739964893,0.125824014656539,0.2736588830651554,72.87166310228804,0.0099763604736245,0.2943960910062604,Final Score=0.681; ML Score=0.029; Momentum Score=0.179; 20D Return=0.126; 60D Return=0.274; RSI=72.872; Volatility=0.01
2021-12-31,ABBV,Healthcare,3,0.0706412980773173,0.0156603233313478,0.1578003037746076,0.1585521580767164,0.2385656263672211,78.61668352315202,0.009820260300133,-0.3762648914908015,Final Score=0.071; ML Score=0.016; Momentum Score=0.158; 20D Return=0.159; 60D Return=0.239; RSI=78.617; Volatility=0.01
2022-01-31,ABBV,Healthcare,1,0.4311190576983985,0.0180565541041049,0.1241425361983482,0.0110044723805762,0.1643276324315135,51.2690367125257,0.0110468893836642,0.2851866640047913,Final Score=0.431; ML Score=0.018; Momentum Score=0.124; 20D Return=0.011; 60D Return=0.164; RSI=51.269; Volatility=0.011
2022-01-31,PFE,Healthcare,2,0.1489502843956437,0.0189230238380687,0.0671663386506872,-0.1077053461900799,0.1755912312688745,33.93663112034771,0.0195190675030997,0.3516634954390285,Final Score=0.149; ML Score=0.019; Momentum Score=0.067; 20D Return=-0.108; 60D Return=0.176; RSI=33.937; Volatility=0.02
2022-01-31,MRK,Healthcare,3,0.05183991685215,0.0177619164433132,0.0225949235870625,0.0631524531032143,-0.0811907636836347,44.07457901238581,0.0111467797741821,-0.063261302307532,Final Score=0.052; ML Score=0.018; Momentum Score=0.023; 20D Return=0.063; 60D Return=-0.081; RSI=44.075; Volatility=0.011
2022-02-28,ABBV,Healthcare,1,1.2924154460627193,0.0249618145936975,0.2249994948942127,0.0714182586592688,0.2748684289858796,64.20829123502975,0.0104520006088939,0.3328926652805652,Final Score=1.292; ML Score=0.025; Momentum Score=0.225; 20D Return=0.071; 60D Return=0.275; RSI=64.208; Volatility=0.01
2022-02-28,UNH,Healthcare,2,0.4724979963258076,0.0127960618947598,0.073472884746309,0.021048786872897,0.0709591732438157,45.54555625077691,0.0167869456623195,0.1822049239681389,Final Score=0.472; ML Score=0.013; Momentum Score=0.073; 20D Return=0.021; 60D Return=0.071; RSI=45.546; Volatility=0.017
2022-02-28,PFE,Healthcare,3,0.275299296999714,0.0276668334701677,-0.0731614320492017,-0.1360206691567167,-0.141550871164391,19.113314489114583,0.0159554949325319,0.1313142644683196,Final Score=0.275; ML Score=0.028; Momentum Score=-0.073; 20D Return=-0.136; 60D Return=-0.142; RSI=19.113; Volatility=0.016
2022-03-31,ABBV,Healthcare,1,0.2888114512332465,0.0087498024042235,0.2374181823790664,0.0777873589746451,0.1993932836493206,83.30779817907218,0.0101941640166608,0.6829263558367948,Final Score=0.289; ML Score=0.009; Momentum Score=0.237; 20D Return=0.078; 60D Return=0.199; RSI=83.308; Volatility=0.01
2022-03-31,PFE,Healthcare,2,0.1782489017164265,0.0192345510130354,0.0757952103849482,0.0823750465372312,-0.0506143110823079,58.11688499345638,0.0165131889638108,-0.0559573327149668,Final Score=0.178; ML Score=0.019; Momentum Score=0.076; 20D Return=0.082; 60D Return=-0.051; RSI=58.117; Volatility=0.017
2022-03-31,UNH,Healthcare,3,-0.0948511107785578,0.0103669225600513,0.1072258843826508,0.048048675597057,0.0388470310884543,70.76311271913765,0.0163245482201635,0.3085952913323688,Final Score=-0.095; ML Score=0.01; Momentum Score=0.107; 20D Return=0.048; 60D Return=0.039; RSI=70.763; Volatility=0.016
2022-04-29,ABBV,Healthcare,1,0.6746404083229793,0.0210719583356819,0.0799473218267848,-0.0939485267423195,0.0595874336789732,18.54838461583161,0.0238353337302979,2.3698459477561955,Final Score=0.675; ML Score=0.021; Momentum Score=0.08; 20D Return=-0.094; 60D Return=0.06; RSI=18.548; Volatility=0.024
2022-04-29,UNH,Healthcare,2,0.4112716794705193,0.0133456638285632,0.0543621237173861,-0.0027845038420599,0.0599649612048673,30.47287472712884,0.0162129512560977,0.1124791884461997,Final Score=0.411; ML Score=0.013; Momentum Score=0.054; 20D Return=-0.003; 60D Return=0.06; RSI=30.473; Volatility=0.016
2022-04-29,JNJ,Healthcare,3,0.3919631546338833,0.0127810545627924,0.052576959714074,0.0182249679184878,0.0445100552829702,46.97303334396217,0.013401112816281,-0.1000435989323578,Final Score=0.392; ML Score=0.013; Momentum Score=0.053; 20D Return=0.018; 60D Return=0.045; RSI=46.973; Volatility=0.013
2022-05-31,MRK,Healthcare,1,0.6519526682770869,0.0130004592602107,0.1574864368805588,0.0499714452614672,0.1824488836460016,65.46919607299152,0.0111555757890487,1.3322587227096512,Final Score=0.652; ML Score=0.013; Momentum Score=0.157; 20D Return=0.05; 60D Return=0.182; RSI=65.469; Volatility=0.011
2022-05-31,ABBV,Healthcare,2,0.2728704753733181,0.0128979211104068,0.0667863432754354,-0.0033813485934299,-0.0211875829777746,38.85740591851026,0.0114402155785363,0.3358477096966092,Final Score=0.273; ML Score=0.013; Momentum Score=0.067; 20D Return=-0.003; 60D Return=-0.021; RSI=38.857; Volatility=0.011
2022-05-31,JNJ,Healthcare,3,0.2312939793952115,0.0140558102530393,0.0535057029738432,0.0049820834790039,0.0592990518356779,55.26772125628372,0.0103581641494449,1.8002255022550226,Final Score=0.231; ML Score=0.014; Momentum Score=0.054; 20D Return=0.005; 60D Return=0.059; RSI=55.268; Volatility=0.01
2022-06-30,ABBV,Healthcare,1,0.2166682438769876,0.0187574918782217,0.0437316426195705,0.0488974057028912,-0.0539254787846844,63.633188083171504,0.0163338945469076,0.1870409874774055,Final Score=0.217; ML Score=0.019; Momentum Score=0.044; 20D Return=0.049; 60D Return=-0.054; RSI=63.633; Volatility=0.016
2022-06-30,UNH,Healthcare,2,-0.0539966547447959,0.0114630007547292,0.0476060577799492,0.0427977212714991,0.0070781850651031,60.37736589798647,0.020114940677278,-0.0665637913898624,Final Score=-0.054; ML Score=0.011; Momentum Score=0.048; 20D Return=0.043; 60D Return=0.007; RSI=60.377; Volatility=0.02
2022-06-30,JNJ,Healthcare,3,-0.107049590439067,0.0129948576269878,0.0117387191655357,-0.0011254977180508,0.005893314891703,57.09483251778295,0.0132120819012078,0.5183645867087447,Final Score=-0.107; ML Score=0.013; Momentum Score=0.012; 20D Return=-0.001; 60D Return=0.006; RSI=57.095; Volatility=0.013
2022-07-29,UNH,Healthcare,1,0.4414748414572612,0.0107546288882348,0.0857136997831677,0.055896309989146,0.0855050481481654,61.79501807289723,0.0189976891450012,0.2564299424184262,Final Score=0.441; ML Score=0.011; Momentum Score=0.086; 20D Return=0.056; 60D Return=0.086; RSI=61.795; Volatility=0.019
2022-07-29,MRK,Healthcare,2,0.389666876023634,0.0162753224575634,0.0504459880023509,-0.0200724127213817,0.0257175419404291,27.57684916028471,0.0118350589340665,0.0739622424477706,Final Score=0.39; ML Score=0.016; Momentum Score=0.05; 20D Return=-0.02; 60D Return=0.026; RSI=27.577; Volatility=0.012
2022-07-29,ABBV,Healthcare,3,0.0067824926337634,0.0172370613927335,-0.0227079638989605,-0.0630060650596653,-0.0407086320067775,29.177344783761583,0.0134633125852148,1.7014439389559213,Final Score=0.007; ML Score=0.017; Momentum Score=-0.023; 20D Return=-0.063; 60D Return=-0.041; RSI=29.177; Volatility=0.013
2022-08-31,PFE,Healthcare,1,0.4123045321257895,0.0253453842845616,-0.0990024450482008,-0.0928600283080218,-0.1507697903184184,32.99999957614493,0.0150943164513783,0.6203643501196099,Final Score=0.412; ML Score=0.025; Momentum Score=-0.099; 20D Return=-0.093; 60D Return=-0.151; RSI=33.0; Volatility=0.015
2022-08-31,MRK,Healthcare,2,0.3781026446497317,0.0183633657996257,0.0056988732424704,-0.0257932214721213,-0.0498663836838292,34.133323929391764,0.0106332192961785,0.7177968611193366,Final Score=0.378; ML Score=0.018; Momentum Score=0.006; 20D Return=-0.026; 60D Return=-0.05; RSI=34.133; Volatility=0.011
2022-08-31,UNH,Healthcare,3,0.3728600115280553,0.016773125472382,0.0250269270803941,-0.0394340263783852,0.0594680012436639,38.586173552978586,0.0096731787638747,0.4360286083242277,Final Score=0.373; ML Score=0.017; Momentum Score=0.025; 20D Return=-0.039; 60D Return=0.059; RSI=38.586; Volatility=0.01
2022-09-30,ABBV,Healthcare,1,0.5716386588474455,0.0466494325823348,-0.1320347133614546,-0.0306247044263935,-0.1170394295140316,37.20114754672488,0.0189756397527101,1.7877808835807891,Final Score=0.572; ML Score=0.047; Momentum Score=-0.132; 20D Return=-0.031; 60D Return=-0.117; RSI=37.201; Volatility=0.019
2022-09-30,PFE,Healthcare,2,0.3414670453729325,0.0405614741468449,-0.1400333261112329,-0.0615484169170326,-0.1808311527241453,20.059881607335186,0.0133686450479611,0.6933974439339523,Final Score=0.341; ML Score=0.041; Momentum Score=-0.14; 20D Return=-0.062; 60D Return=-0.181; RSI=20.06; Volatility=0.013
2022-09-30,MRK,Healthcare,3,0.280670190461143,0.0185708562036875,-0.0319551412205554,-0.0118186891711186,-0.074078047859377,42.24924329341432,0.0124500417956477,0.3687606986502658,Final Score=0.281; ML Score=0.019; Momentum Score=-0.032; 20D Return=-0.012; 60D Return=-0.074; RSI=42.249; Volatility=0.012
2022-10-31,MRK,Healthcare,1,0.550560546642146,0.0134701047454926,0.1377819015025003,0.1559108329032812,0.1577621863447023,83.0188585588233,0.0127117949845838,-0.0164054150338439,Final Score=0.551; ML Score=0.013; Momentum Score=0.138; 20D Return=0.156; 60D Return=0.158; RSI=83.019; Volatility=0.013
2022-10-31,UNH,Healthcare,2,0.3678977332356729,0.0127211169701966,0.0785486175089291,0.0768947525702938,0.0375472413320689,92.81954407854656,0.0127350262434584,0.0030775915130887,Final Score=0.368; ML Score=0.013; Momentum Score=0.079; 20D Return=0.077; 60D Return=0.038; RSI=92.82; Volatility=0.013
2022-10-31,PFE,Healthcare,3,0.1342857057568147,0.0156935958761245,-0.0231073651447691,0.0545990004697938,-0.0552060319754781,74.03946290019161,0.0189088302378628,0.0756695627198966,Final Score=0.134; ML Score=0.016; Momentum Score=-0.023; 20D Return=0.055; 60D Return=-0.055; RSI=74.039; Volatility=0.019
2022-11-30,MRK,Healthcare,1,1.0034897663617817,0.0218474496296426,0.1955380147721059,0.1038492420660148,0.2742421323743238,73.62881263443894,0.013617018120958,1.1711860057311494,Final Score=1.003; ML Score=0.022; Momentum Score=0.196; 20D Return=0.104; 60D Return=0.274; RSI=73.629; Volatility=0.014
2022-11-30,ABBV,Healthcare,2,0.1846483784830677,0.0139285846044275,0.1100719349426559,0.0971342227074789,0.1714513915674422,84.69808804190627,0.0102183121874548,2.34575765790187,Final Score=0.185; ML Score=0.014; Momentum Score=0.11; 20D Return=0.097; 60D Return=0.171; RSI=84.698; Volatility=0.01
2022-11-30,JNJ,Healthcare,3,-0.1448883513915504,0.0136855539223386,0.0425640685992948,0.0283667673810825,0.0908200023863483,64.65927291457258,0.0103267784789625,0.9831355868965002,Final Score=-0.145; ML Score=0.014; Momentum Score=0.043; 20D Return=0.028; 60D Return=0.091; RSI=64.659; Volatility=0.01
2022-12-30,MRK,Healthcare,1,0.6611128274302355,0.0203170672147395,0.1431505309200445,0.0104735324637676,0.2552324665049812,61.457203763291,0.0091021917139492,0.2308828796561604,Final Score=0.661; ML Score=0.02; Momentum Score=0.143; 20D Return=0.01; 60D Return=0.255; RSI=61.457; Volatility=0.009
2022-12-30,ABBV,Healthcare,2,0.0328255201107633,0.0163770907920751,0.0577170089311237,-0.0001237658346632,0.1275378395713955,44.88358895556879,0.0087217409053443,0.1824578313253011,Final Score=0.033; ML Score=0.016; Momentum Score=0.058; 20D Return=-0.0; 60D Return=0.128; RSI=44.884; Volatility=0.009
2022-12-30,JNJ,Healthcare,3,-0.2123997281190768,0.0149967671660913,0.0198994803922568,-0.0116930263648202,0.0698927578188701,53.19743720344208,0.0073432650070987,0.4905967194570135,Final Score=-0.212; ML Score=0.015; Momentum Score=0.02; 20D Return=-0.012; 60D Return=0.07; RSI=53.197; Volatility=0.007
2023-01-31,MRK,Healthcare,1,0.230115110238551,0.0157763253328356,0.0862048394412516,-0.0319062044479749,0.0805835212602592,36.698004061842205,0.013191440328181,0.2257820461353179,Final Score=0.23; ML Score=0.016; Momentum Score=0.086; 20D Return=-0.032; 60D Return=0.081; RSI=36.698; Volatility=0.013
2023-01-31,ABBV,Healthcare,2,0.0988619016826982,0.0221588725564593,0.0083300541501392,-0.0857620231297975,0.0223498175480925,21.431981011920342,0.0133668173112318,0.2307473651987579,Final Score=0.099; ML Score=0.022; Momentum Score=0.008; 20D Return=-0.086; 60D Return=0.022; RSI=21.432; Volatility=0.013
2023-01-31,JNJ,Healthcare,3,-0.0285247693479502,0.0257571538649375,-0.0455790799531052,-0.0748938363127923,-0.0411312257706392,15.429892676228718,0.0116120660644667,-0.5007330464205408,Final Score=-0.029; ML Score=0.026; Momentum Score=-0.046; 20D Return=-0.075; 60D Return=-0.041; RSI=15.43; Volatility=0.012
2023-02-28,PFE,Healthcare,1,0.2080632423624074,0.0366494164192696,-0.118075346370192,-0.0684270859802996,-0.1907041924914614,23.1316634187432,0.00962851193475,0.178860308756442,Final Score=0.208; ML Score=0.037; Momentum Score=-0.118; 20D Return=-0.068; 60D Return=-0.191; RSI=23.132; Volatility=0.01
2023-02-28,JNJ,Healthcare,2,0.1161792551256059,0.0315757461214085,-0.0782638882465467,-0.0539506511923707,-0.138988794905416,21.12758545480456,0.0087213643068039,0.2470311403448417,Final Score=0.116; ML Score=0.032; Momentum Score=-0.078; 20D Return=-0.054; 60D Return=-0.139; RSI=21.128; Volatility=0.009
2023-02-28,MRK,Healthcare,3,-0.0789887933092841,0.0135279905761637,0.0660912542855693,0.0014139082953792,-0.035234333327629,51.72413145116433,0.0149379177694254,0.8055280469689468,Final Score=-0.079; ML Score=0.014; Momentum Score=0.066; 20D Return=0.001; 60D Return=-0.035; RSI=51.724; Volatility=0.015
2023-03-31,JNJ,Healthcare,1,-0.0176854448392128,0.0269290079844055,-0.0496321390647841,0.0063627821085203,-0.1395103769589156,56.68045423305611,0.0088139997339133,1.1709067761266103,Final Score=-0.018; ML Score=0.027; Momentum Score=-0.05; 20D Return=0.006; 60D Return=-0.14; RSI=56.68; Volatility=0.009
2023-03-31,MRK,Healthcare,2,-0.0188923907532292,0.0200196978529521,0.0612028527305336,-0.0045845609689502,-0.050767330018277,52.20292575798706,0.0160875279832997,0.431877067804042,Final Score=-0.019; ML Score=0.02; Momentum Score=0.061; 20D Return=-0.005; 60D Return=-0.051; RSI=52.203; Volatility=0.016
2023-03-31,PFE,Healthcare,3,-0.112774327908672,0.025337276190227,-0.0685841825996282,-0.0085055231066819,-0.1861161307053902,62.11338103014494,0.0096665389656568,0.8515651588903399,Final Score=-0.113; ML Score=0.025; Momentum Score=-0.069; 20D Return=-0.009; 60D Return=-0.186; RSI=62.113; Volatility=0.01
2023-04-28,PFE,Healthcare,1,-0.0104088455211913,0.0293854503108135,-0.1046836179525823,-0.0368994957665647,-0.1155333566072949,17.72731016485541,0.0098816863015001,-0.0632388339128109,Final Score=-0.01; ML Score=0.029; Momentum Score=-0.105; 20D Return=-0.037; 60D Return=-0.116; RSI=17.727; Volatility=0.01
2023-04-28,MRK,Healthcare,2,-0.249655654563933,0.0128484483239206,0.1012314434262886,0.0901624170775126,0.0793606056960296,61.72130224879306,0.0115732779010033,-0.192958537172187,Final Score=-0.25; ML Score=0.013; Momentum Score=0.101; 20D Return=0.09; 60D Return=0.079; RSI=61.721; Volatility=0.012
2023-04-28,UNH,Healthcare,3,-0.5021169535379696,0.0116365816978653,-0.0241973804624618,0.0468663551327845,-0.0098792830223528,35.95326598591488,0.0183052172764667,-0.0300420507844089,Final Score=-0.502; ML Score=0.012; Momentum Score=-0.024; 20D Return=0.047; 60D Return=-0.01; RSI=35.953; Volatility=0.018
2023-05-31,ABBV,Healthcare,1,-0.304325976884456,0.0274444129502657,-0.1113497767965555,-0.0900935816068485,-0.1115403928489656,24.518107396097804,0.0092851667551258,0.6397184383758066,Final Score=-0.304; ML Score=0.027; Momentum Score=-0.111; 20D Return=-0.09; 60D Return=-0.112; RSI=24.518; Volatility=0.009
2023-05-31,MRK,Healthcare,2,-0.3556103835947801,0.0201940788223241,-0.0135850039102304,-0.0634489419481315,-0.0062105744508398,22.483492545228387,0.0081312511082854,0.8747827654123916,Final Score=-0.356; ML Score=0.02; Momentum Score=-0.014; 20D Return=-0.063; 60D Return=-0.006; RSI=22.483; Volatility=0.008
2023-05-31,PFE,Healthcare,3,-0.4555940222809764,0.0225729098658383,-0.1163119464399695,-0.0266257265479383,-0.0751641962226054,48.37587766774263,0.0184892876903448,0.8943051401044679,Final Score=-0.456; ML Score=0.023; Momentum Score=-0.116; 20D Return=-0.027; 60D Return=-0.075; RSI=48.376; Volatility=0.018
2023-06-30,PFE,Healthcare,1,0.4695065239249523,0.0445157498702816,-0.1422261335912894,-0.0352446116900102,-0.1031785101042839,34.589496490786715,0.0146469026940592,0.1743586621976875,Final Score=0.47; ML Score=0.045; Momentum Score=-0.142; 20D Return=-0.035; 60D Return=-0.103; RSI=34.589; Volatility=0.015
2023-06-30,ABBV,Healthcare,2,0.0838520006628947,0.0318559083637652,-0.1132820814611157,0.009667215696427,-0.1567780901435556,38.97765198086265,0.0110264496206166,0.7607122645322986,Final Score=0.084; ML Score=0.032; Momentum Score=-0.113; 20D Return=0.01; 60D Return=-0.157; RSI=38.978; Volatility=0.011
2023-06-30,MRK,Healthcare,3,-0.3449736227181738,0.0129202689333094,0.0288346345923465,0.040205526658279,0.060277473566318,66.71431412993425,0.012373238064804,0.2879429462892802,Final Score=-0.345; ML Score=0.013; Momentum Score=0.029; 20D Return=0.04; 60D Return=0.06; RSI=66.714; Volatility=0.012
2023-07-31,MRK,Healthcare,1,0.1109994085721036,0.0248227940254495,-0.0386449996561035,-0.0757431138746811,-0.0978683773926237,43.78412465756784,0.0129735552692879,0.0715113415799995,Final Score=0.111; ML Score=0.025; Momentum Score=-0.039; 20D Return=-0.076; 60D Return=-0.098; RSI=43.784; Volatility=0.013
2023-07-31,JNJ,Healthcare,2,-0.0474191493987964,0.0133224033108187,0.0168339128255681,0.012143514106774,0.0286117996059154,67.01070916111571,0.0179329242711188,0.6007511245650268,Final Score=-0.047; ML Score=0.013; Momentum Score=0.017; 20D Return=0.012; 60D Return=0.029; RSI=67.011; Volatility=0.018
2023-07-31,UNH,Healthcare,3,-0.0830951883564985,0.0095700568881783,0.0433288515570917,0.0535327473464108,0.0345905373310961,74.20934653632239,0.0200892036754351,-0.1666894197952219,Final Score=-0.083; ML Score=0.01; Momentum Score=0.043; 20D Return=0.054; 60D Return=0.035; RSI=74.209; Volatility=0.02
2023-08-31,JNJ,Healthcare,1,-0.1393811355951595,0.0221349544041637,0.0162851743187806,-0.0525082439399653,0.0221266921359257,17.787178426722335,0.0108531817736747,0.5426950126268979,Final Score=-0.139; ML Score=0.022; Momentum Score=0.016; 20D Return=-0.053; 60D Return=0.022; RSI=17.787; Volatility=0.011
2023-08-31,ABBV,Healthcare,2,-0.1758785958355168,0.0205313940712086,0.0166449695206604,-0.0140221153646328,0.0851363410000969,21.192171208086805,0.0072230376318569,0.1790672326755391,Final Score=-0.176; ML Score=0.021; Momentum Score=0.017; 20D Return=-0.014; 60D Return=0.085; RSI=21.192; Volatility=0.007
2023-08-31,UNH,Healthcare,3,-0.2705297530353699,0.0194726605235432,-0.0091502211416402,-0.0560155282649385,-0.0225403954034545,21.78125422980203,0.0104070527044614,1.158053779451695,Final Score=-0.271; ML Score=0.019; Momentum Score=-0.009; 20D Return=-0.056; 60D Return=-0.023; RSI=21.781; Volatility=0.01
2023-09-29,MRK,Healthcare,1,0.4122182542534192,0.0235615006908943,-0.0694962503144401,-0.0553313105427406,-0.0787472308882131,17.41639130759991,0.0086724862702358,0.5198579473816929,Final Score=0.412; ML Score=0.024; Momentum Score=-0.069; 20D Return=-0.055; 60D Return=-0.079; RSI=17.416; Volatility=0.009
2023-09-29,JNJ,Healthcare,2,-0.2550249182311779,0.0183599291211549,-0.0408889118704031,-0.0366773437927643,-0.0362005314515168,23.484312641696803,0.0082068801130475,-0.0230478637479489,Final Score=-0.255; ML Score=0.018; Momentum Score=-0.041; 20D Return=-0.037; 60D Return=-0.036; RSI=23.484; Volatility=0.008
2023-09-29,UNH,Healthcare,3,-0.3117357786014399,0.0117926985314322,0.0258165594262795,0.0579336452370184,0.0742074701228636,70.03068019762266,0.010355853931982,0.0288158795345654,Final Score=-0.312; ML Score=0.012; Momentum Score=0.026; 20D Return=0.058; 60D Return=0.074; RSI=70.031; Volatility=0.01
2023-10-31,UNH,Healthcare,1,0.0854845413079592,0.0137105889980647,0.0603262163801625,0.0512100737538585,0.0485961698687995,59.82124782486021,0.0094200989185306,-0.0356891289034985,Final Score=0.085; ML Score=0.014; Momentum Score=0.06; 20D Return=0.051; 60D Return=0.049; RSI=59.821; Volatility=0.009
2023-10-31,JNJ,Healthcare,2,-0.2020889517791734,0.0284015734070559,-0.0836090410546599,-0.0450624447342835,-0.1430387573228522,28.29458084793592,0.0101244034280322,-0.0765846465089636,Final Score=-0.202; ML Score=0.028; Momentum Score=-0.084; 20D Return=-0.045; 60D Return=-0.143; RSI=28.295; Volatility=0.01
2023-10-31,ABBV,Healthcare,3,-0.3471187129396392,0.018789100703922,-0.0445234572635763,-0.0423930021738833,-0.0608661547517074,32.07381335478681,0.0136228764617465,0.1226440568126585,Final Score=-0.347; ML Score=0.019; Momentum Score=-0.045; 20D Return=-0.042; 60D Return=-0.061; RSI=32.074; Volatility=0.014
2023-11-30,PFE,Healthcare,1,0.7525028290048065,0.0247769133290011,-0.1099022350811154,-0.0013110755564491,-0.113471042762014,58.49461368803731,0.0157315603533464,0.7321464033117944,Final Score=0.753; ML Score=0.025; Momentum Score=-0.11; 20D Return=-0.001; 60D Return=-0.113; RSI=58.495; Volatility=0.016
2023-11-30,UNH,Healthcare,2,0.6096557298776625,0.0165881750536117,0.1004860646453666,0.0401993907046989,0.1594120180159544,62.47985308839342,0.0096871900995256,0.5650989010989012,Final Score=0.61; ML Score=0.017; Momentum Score=0.1; 20D Return=0.04; 60D Return=0.159; RSI=62.48; Volatility=0.01
2023-11-30,ABBV,Healthcare,3,-0.3682775602853351,0.0118777902154458,0.008163580723773,-0.0005615345712727,-0.0221138740965997,74.24760485561089,0.0102038935029148,1.3263855873889652,Final Score=-0.368; ML Score=0.012; Momentum Score=0.008; 20D Return=-0.001; 60D Return=-0.022; RSI=74.248; Volatility=0.01
2023-12-29,PFE,Healthcare,1,0.2474146028816053,0.0244887005888606,-0.1194450814570748,-0.0551361482010547,-0.1356949946386957,50.0784946748482,0.0242107507779519,-0.0036032015331655,Final Score=0.247; ML Score=0.024; Momentum Score=-0.119; 20D Return=-0.055; 60D Return=-0.136; RSI=50.078; Volatility=0.024
2023-12-29,UNH,Healthcare,2,-0.1317431998188738,0.0162045456671829,0.0497029993306556,-0.0479230363383098,0.0310406481091676,29.046709479115208,0.0086009847031687,0.0395302348825588,Final Score=-0.132; ML Score=0.016; Momentum Score=0.05; 20D Return=-0.048; 60D Return=0.031; RSI=29.047; Volatility=0.009
2023-12-29,ABBV,Healthcare,3,-0.3356070884230143,0.012868966291562,0.0848819274398694,0.0883489141441014,0.0492924277808519,71.34276864186961,0.0071399342655479,0.4270336767645701,Final Score=-0.336; ML Score=0.013; Momentum Score=0.085; 20D Return=0.088; 60D Return=0.049; RSI=71.343; Volatility=0.007
2024-01-31,MRK,Healthcare,1,0.0454907449254333,0.0180206274044665,0.1164397103284648,0.0665842551904509,0.1743315563557086,62.868608853771434,0.0065486211538167,0.4430684784791485,Final Score=0.045; ML Score=0.018; Momentum Score=0.116; 20D Return=0.067; 60D Return=0.174; RSI=62.869; Volatility=0.007
2024-01-31,ABBV,Healthcare,2,-0.1853778504598292,0.0156143692684325,0.0818058841100912,0.0286571540631608,0.147563871284664,48.50334397501923,0.0082770649095296,0.3074405696931617,Final Score=-0.185; ML Score=0.016; Momentum Score=0.082; 20D Return=0.029; 60D Return=0.148; RSI=48.503; Volatility=0.008
2024-01-31,PFE,Healthcare,3,-0.2859921430547492,0.0257821881897679,-0.1436317559695456,-0.0891355418544663,-0.1121311500424244,21.321339381859005,0.0114316668309516,-0.0566999409799192,Final Score=-0.286; ML Score=0.026; Momentum Score=-0.144; 20D Return=-0.089; 60D Return=-0.112; RSI=21.321; Volatility=0.011
2024-02-29,MRK,Healthcare,1,0.2475376281104557,0.0176232609328779,0.1390820162218832,0.0527405432270455,0.2289774081871383,53.033712488459464,0.0116902999096203,0.9739696693112404,Final Score=0.248; ML Score=0.018; Momentum Score=0.139; 20D Return=0.053; 60D Return=0.229; RSI=53.034; Volatility=0.012
2024-02-29,ABBV,Healthcare,2,0.243734686869629,0.0172945320037159,0.1456486644060011,0.0708638052785388,0.2275991810623761,54.12306893418148,0.0084223227755961,0.7282801930136449,Final Score=0.244; ML Score=0.017; Momentum Score=0.146; 20D Return=0.071; 60D Return=0.228; RSI=54.123; Volatility=0.008
2024-02-29,PFE,Healthcare,3,-0.0354078155087158,0.0247204922508128,-0.1124381703304119,-0.0192023803260228,-0.081286765613044,35.10328068727385,0.0135853565136826,0.7621040818827354,Final Score=-0.035; ML Score=0.025; Momentum Score=-0.112; 20D Return=-0.019; 60D Return=-0.081; RSI=35.103; Volatility=0.014
2024-03-28,MRK,Healthcare,1,0.0074090373085593,0.0116416489136371,0.1630020233527579,0.0377506517086934,0.1652242973987092,78.0731307949286,0.0140776040179672,-0.3655862429645863,Final Score=0.007; ML Score=0.012; Momentum Score=0.163; 20D Return=0.038; 60D Return=0.165; RSI=78.073; Volatility=0.014
2024-03-28,ABBV,Healthcare,2,-0.0672062474285589,0.0110685181234929,0.1348306686465996,0.0343652538874375,0.1394068186600603,58.64822724984164,0.0097290616670028,0.0680398147235636,Final Score=-0.067; ML Score=0.011; Momentum Score=0.135; 20D Return=0.034; 60D Return=0.139; RSI=58.648; Volatility=0.01
2024-03-28,UNH,Healthcare,3,-0.3469720280265994,0.0164749854113417,-0.0380635378536889,0.0022285374593065,-0.082767850383187,70.11313222142172,0.0104699803114879,0.4398251102483888,Final Score=-0.347; ML Score=0.016; Momentum Score=-0.038; 20D Return=0.002; 60D Return=-0.083; RSI=70.113; Volatility=0.01
2024-04-30,MRK,Healthcare,1,-0.1796652962935783,0.0102411176440271,0.0911593126860238,-0.0086690052159653,0.0222292340573362,61.11610122701914,0.0093613812153174,0.0231290512669417,Final Score=-0.18; ML Score=0.01; Momentum Score=0.091; 20D Return=-0.009; 60D Return=0.022; RSI=61.116; Volatility=0.009
2024-04-30,ABBV,Healthcare,2,-0.2672670538941882,0.0196333008597649,0.0163356791954208,-0.0998948630686472,-0.0357502747658599,38.65814731097002,0.0188849965805111,-0.118057565525004,Final Score=-0.267; ML Score=0.02; Momentum Score=0.016; 20D Return=-0.1; 60D Return=-0.036; RSI=38.658; Volatility=0.019
2024-04-30,UNH,Healthcare,3,-0.482488661649237,0.0159812428703119,-0.0378530807241598,0.0557907991909585,-0.0519961550830998,65.49978267995814,0.0182603025786541,0.5361981661420556,Final Score=-0.482; ML Score=0.016; Momentum Score=-0.038; 20D Return=0.056; 60D Return=-0.052; RSI=65.5; Volatility=0.018
2024-05-31,MRK,Healthcare,1,-0.3115214722115471,0.0141477895331534,0.0667258784443291,-0.0212068743786171,0.0144646538628472,33.834064528945035,0.0109574498525238,0.3961600886133396,Final Score=-0.312; ML Score=0.014; Momentum Score=0.067; 20D Return=-0.021; 60D Return=0.014; RSI=33.834; Volatility=0.011
2024-05-31,ABBV,Healthcare,2,-0.3302954622021098,0.0234741957622782,0.0019074782720564,0.0026740124438695,-0.1094664328547537,51.03158984915331,0.0123939951170211,2.633504210062397,Final Score=-0.33; ML Score=0.023; Momentum Score=0.002; 20D Return=0.003; 60D Return=-0.109; RSI=51.032; Volatility=0.012
2024-05-31,PFE,Healthcare,3,-0.5025672451722212,0.0093395727509839,0.0233604953888181,0.0346570057051067,0.0540639677999712,55.91985105308926,0.0157797891738186,2.3602920347145324,Final Score=-0.503; ML Score=0.009; Momentum Score=0.023; 20D Return=0.035; 60D Return=0.054; RSI=55.92; Volatility=0.016
2024-06-28,MRK,Healthcare,1,-0.3336995367353982,0.0159120575601359,-0.003553951825994,-0.0058620070239687,-0.0469591311111805,33.12041018012114,0.0147783951189873,3.783485361682149,Final Score=-0.334; ML Score=0.016; Momentum Score=-0.004; 20D Return=-0.006; 60D Return=-0.047; RSI=33.12; Volatility=0.015
2024-06-28,ABBV,Healthcare,2,-0.3656702691719735,0.0110064556601502,0.0308749333416665,0.0973066787245366,-0.03276375964925,54.64191804515031,0.0126868163744976,3.545410628019324,Final Score=-0.366; ML Score=0.011; Momentum Score=0.031; 20D Return=0.097; 60D Return=-0.033; RSI=54.642; Volatility=0.013
2024-06-28,JNJ,Healthcare,3,-0.4362191156933549,0.0153166073089053,-0.0496701325149844,0.0060573023830303,-0.0525086939787724,45.28689197365357,0.0069620873100699,0.828774045163089,Final Score=-0.436; ML Score=0.015; Momentum Score=-0.05; 20D Return=0.006; 60D Return=-0.053; RSI=45.287; Volatility=0.007
2024-07-31,UNH,Healthcare,1,0.1961328512881825,0.0159992252838763,0.1249270239598261,0.1563904633056496,0.1699867171539584,80.58962142720068,0.0194735937998809,0.1387016501171751,Final Score=0.196; ML Score=0.016; Momentum Score=0.125; 20D Return=0.156; 60D Return=0.17; RSI=80.59; Volatility=0.019
2024-07-31,PFE,Healthcare,2,-0.0512874594396551,0.0108693473403307,0.0895718442810938,0.0973769672745441,0.0981661813020984,67.87072532885432,0.0132441067996307,-0.5439590462677016,Final Score=-0.051; ML Score=0.011; Momentum Score=0.09; 20D Return=0.097; 60D Return=0.098; RSI=67.871; Volatility=0.013
2024-07-31,ABBV,Healthcare,3,-0.1201758884869998,0.0072068898835185,0.0911393919185656,0.1166546145284885,0.1314488974944525,70.03901010373592,0.0164602223032851,0.0732236994794601,Final Score=-0.12; ML Score=0.007; Momentum Score=0.091; 20D Return=0.117; 60D Return=0.131; RSI=70.039; Volatility=0.016
2024-08-30,UNH,Healthcare,1,0.1679231075380894,0.0146918169585022,0.1258136719542919,0.0006272910948361,0.1730800165665467,83.85431874286624,0.0102914705251682,0.5076285070653286,Final Score=0.168; ML Score=0.015; Momentum Score=0.126; 20D Return=0.001; 60D Return=0.173; RSI=83.854; Volatility=0.01
2024-08-30,MRK,Healthcare,2,0.0637896240874094,0.0170507578979688,-0.0297858897915735,0.028211806302913,-0.0849748957846489,81.89982674714584,0.0090498052649592,0.2324192988545643,Final Score=0.064; ML Score=0.017; Momentum Score=-0.03; 20D Return=0.028; 60D Return=-0.085; RSI=81.9; Volatility=0.009
2024-08-30,ABBV,Healthcare,3,0.0387516645154382,0.016251574586049,0.0949537697922397,0.0370859766572522,0.1865932946182149,74.26756809653483,0.0089415756530492,-0.1580988475861005,Final Score=0.039; ML Score=0.016; Momentum Score=0.095; 20D Return=0.037; 60D Return=0.187; RSI=74.268; Volatility=0.009
2024-09-30,UNH,Healthcare,1,0.3962574063541813,0.0157577705931815,0.1556408109045206,-0.0093527946748223,0.1980901640861498,37.42771676414944,0.0093070411521697,0.0078695331859888,Final Score=0.396; ML Score=0.016; Momentum Score=0.156; 20D Return=-0.009; 60D Return=0.198; RSI=37.428; Volatility=0.009
2024-09-30,ABBV,Healthcare,2,0.2090249005498613,0.0183663827729377,0.1144827444765246,0.0059599520324791,0.1807473586100989,45.28013112865074,0.0111055476328265,-0.0698501604693473,Final Score=0.209; ML Score=0.018; Momentum Score=0.114; 20D Return=0.006; 60D Return=0.181; RSI=45.28; Volatility=0.011
2024-09-30,JNJ,Healthcare,3,-0.1603804454350481,0.0183113118836398,0.0487144488148041,-0.022910907016605,0.1063626589669919,29.694637994134112,0.0078490205427342,-0.2043739574783553,Final Score=-0.16; ML Score=0.018; Momentum Score=0.049; 20D Return=-0.023; 60D Return=0.106; RSI=29.695; Volatility=0.008
2024-10-31,ABBV,Healthcare,1,-0.0256514485235186,0.0085785868241417,0.139922557520795,0.0430800629338206,0.0872486858814085,64.11080662668826,0.0168616096178328,-0.15073486976261,Final Score=-0.026; ML Score=0.009; Momentum Score=0.14; 20D Return=0.043; 60D Return=0.087; RSI=64.111; Volatility=0.017
2024-10-31,JNJ,Healthcare,2,-0.3943298056025053,0.0128252537351998,0.0207537836755701,-0.0039875351379965,0.0060415780411708,45.41807878992326,0.0085337999929566,0.479924405119835,Final Score=-0.394; ML Score=0.013; Momentum Score=0.021; 20D Return=-0.004; 60D Return=0.006; RSI=45.418; Volatility=0.009
2024-10-31,UNH,Healthcare,3,-0.435358463194743,0.0111341507536325,0.0258969263818118,-0.0476592155208772,-0.0027911550348772,33.68667596172051,0.0209085969523538,0.0716130142881734,Final Score=-0.435; ML Score=0.011; Momentum Score=0.026; 20D Return=-0.048; 60D Return=-0.003; RSI=33.687; Volatility=0.021
2024-11-29,ABBV,Healthcare,1,0.1319139763901889,0.0485580151304772,-0.0006019419310997,-0.1027125273111897,-0.0514881670804958,34.2938319201718,0.0316396069559623,-0.4857820354737741,Final Score=0.132; ML Score=0.049; Momentum Score=-0.001; 20D Return=-0.103; 60D Return=-0.051; RSI=34.294; Volatility=0.032
2024-11-29,MRK,Healthcare,2,0.0712069781900699,0.0497166839681738,-0.1209889667426776,-0.00664582004695,-0.1429293993731788,46.07362411150335,0.0133130655355306,-0.3796086592805696,Final Score=0.071; ML Score=0.05; Momentum Score=-0.121; 20D Return=-0.007; 60D Return=-0.143; RSI=46.074; Volatility=0.013
2024-11-29,UNH,Healthcare,3,-0.0694142895255222,0.0230431382906589,0.1082474470946863,0.0809566203844662,0.0247023832707358,47.45347975118275,0.0200360362921644,-0.1141069697770729,Final Score=-0.069; ML Score=0.023; Momentum Score=0.108; 20D Return=0.081; 60D Return=0.025; RSI=47.453; Volatility=0.02
2024-12-31,MRK,Healthcare,1,0.6717341992573245,0.0313753916286221,-0.1102328984755839,-0.0112314605562352,-0.0937414011188527,44.662932334654016,0.0133414532500245,-0.0365762845503526,Final Score=0.672; ML Score=0.031; Momentum Score=-0.11; 20D Return=-0.011; 60D Return=-0.094; RSI=44.663; Volatility=0.013
2024-12-31,ABBV,Healthcare,2,0.4011726307937794,0.0227692653979907,-0.0146280116829356,-0.0223909733649897,-0.0853878064294252,53.93563495312903,0.0122641026836519,-0.0232844936430102,Final Score=0.401; ML Score=0.023; Momentum Score=-0.015; 20D Return=-0.022; 60D Return=-0.085; RSI=53.936; Volatility=0.012
2024-12-31,UNH,Healthcare,3,-0.0649131698710149,0.0161308850284587,-0.0761473214971007,-0.168704448308484,-0.1443505160578103,29.02791178140734,0.0263254982812807,-0.2208704655548571,Final Score=-0.065; ML Score=0.016; Momentum Score=-0.076; 20D Return=-0.169; 60D Return=-0.144; RSI=29.028; Volatility=0.026
2025-01-31,UNH,Healthcare,1,0.0022410604831863,0.0148448844943032,-0.010638158103643,0.0724113508550303,-0.0441715544295924,59.29239871061402,0.0202681066914178,0.4088624474305056,Final Score=0.002; ML Score=0.015; Momentum Score=-0.011; 20D Return=0.072; 60D Return=-0.044; RSI=59.292; Volatility=0.02
2025-01-31,PFE,Healthcare,2,-0.0958446657809679,0.0163247392151028,-0.041630784789554,-0.0003769403928763,-0.0558917652650698,47.80702983536986,0.0129529246145424,0.1553874931866607,Final Score=-0.096; ML Score=0.016; Momentum Score=-0.042; 20D Return=-0.0; 60D Return=-0.056; RSI=47.807; Volatility=0.013
2025-01-31,ABBV,Healthcare,3,-0.1403735206337032,0.014651905708044,-0.021952583972713,0.0348902479162565,-0.0965365210546173,62.28539231167969,0.0177096495090488,1.2895070260308683,Final Score=-0.14; ML Score=0.015; Momentum Score=-0.022; 20D Return=0.035; 60D Return=-0.097; RSI=62.285; Volatility=0.018
2025-02-28,ABBV,Healthcare,1,0.1597321768914963,0.0129521617831579,0.1153146408284891,0.1900370398104556,0.1426775660007506,91.1934992312635,0.0135739281873195,1.3058856571117627,Final Score=0.16; ML Score=0.013; Momentum Score=0.115; 20D Return=0.19; 60D Return=0.143; RSI=91.193; Volatility=0.014
2025-02-28,UNH,Healthcare,2,0.1427782949155009,0.0294065524214526,-0.1604697599344754,-0.1294242992122161,-0.2216322812954456,30.641654744251426,0.0217910478061836,0.4575744640485677,Final Score=0.143; ML Score=0.029; Momentum Score=-0.16; 20D Return=-0.129; 60D Return=-0.222; RSI=30.642; Volatility=0.022
2025-02-28,JNJ,Healthcare,3,-0.3071525678425006,0.0106394296800924,0.0378463369061126,0.0794793585618907,0.0645765442252406,74.60712417356142,0.0100164361284075,0.4390646295100782,Final Score=-0.307; ML Score=0.011; Momentum Score=0.038; 20D Return=0.079; 60D Return=0.065; RSI=74.607; Volatility=0.01
2025-03-31,ABBV,Healthcare,1,0.3554196457238318,0.0164168005240115,0.0795529795372067,-0.0092679756699224,0.1790658855975491,42.27705222097977,0.0139185464024095,0.7124928605609671,Final Score=0.355; ML Score=0.016; Momentum Score=0.08; 20D Return=-0.009; 60D Return=0.179; RSI=42.277; Volatility=0.014
2025-03-31,JNJ,Healthcare,2,0.17676244024151,0.0152324877036942,0.0567582729248575,-0.0086083360348785,0.1467293730960803,49.92906281755346,0.0082072029123399,1.1667968682186691,Final Score=0.177; ML Score=0.015; Momentum Score=0.057; 20D Return=-0.009; 60D Return=0.147; RSI=49.929; Volatility=0.008
2025-03-31,MRK,Healthcare,3,-0.3599999185733491,0.0230280300504664,-0.1045362174499121,-0.0363929075052846,-0.0977080910002367,32.68294835519005,0.0142532029335858,0.2105539193932304,Final Score=-0.36; ML Score=0.023; Momentum Score=-0.105; 20D Return=-0.036; 60D Return=-0.098; RSI=32.683; Volatility=0.014
2025-04-30,ABBV,Healthcare,1,0.6218852681116249,0.0165956505782601,0.0029121938187835,-0.0541523146244323,0.0260860772577515,66.22023500591666,0.0287941543774964,0.2592109602182451,Final Score=0.622; ML Score=0.017; Momentum Score=0.003; 20D Return=-0.054; 60D Return=0.026; RSI=66.22; Volatility=0.029
2025-04-30,JNJ,Healthcare,2,0.6049181552243466,0.010347990906818,0.0093930780396391,0.0199673576417209,0.0292355474034236,64.187019818581,0.0160049602553331,0.8293784664646349,Final Score=0.605; ML Score=0.01; Momentum Score=0.009; 20D Return=0.02; 60D Return=0.029; RSI=64.187; Volatility=0.016
2025-04-30,PFE,Healthcare,3,0.2332275234823248,0.0097006548908124,-0.0502599020314971,-0.0052975168404731,-0.0683206436413293,69.2000080871613,0.0237219239323166,-0.452591937097753,Final Score=0.233; ML Score=0.01; Momentum Score=-0.05; 20D Return=-0.005; 60D Return=-0.068; RSI=69.2; Volatility=0.024
2025-05-30,ABBV,Healthcare,1,0.3029525425253698,0.0230698363447662,-0.0214692283065745,-0.0373952408424771,-0.1202136403653194,51.894596859945835,0.0217308800395229,1.3567266895389674,Final Score=0.303; ML Score=0.023; Momentum Score=-0.021; 20D Return=-0.037; 60D Return=-0.12; RSI=51.895; Volatility=0.022
2025-05-30,JNJ,Healthcare,2,0.2587744709129267,0.0175998554888927,-0.0034529355350023,0.0048556258409941,-0.0600168889072888,52.420548077059394,0.0130667167494571,1.2802249434704724,Final Score=0.259; ML Score=0.018; Momentum Score=-0.003; 20D Return=0.005; 60D Return=-0.06; RSI=52.421; Volatility=0.013
2025-05-30,PFE,Healthcare,3,0.0155465179529199,0.0146151557192497,-0.053220271765568,-0.0183869840554264,-0.0944487553006313,61.702122949876184,0.0209639249448494,1.1700100416229104,Final Score=0.016; ML Score=0.015; Momentum Score=-0.053; 20D Return=-0.018; 60D Return=-0.094; RSI=61.702; Volatility=0.021
2025-06-30,UNH,Healthcare,1,1.0821248484056218,0.0998407417301661,-0.2459766186746759,0.0333211799429231,-0.4037270757989661,58.12360972518937,0.014640103610534,-0.341751391756619,Final Score=1.082; ML Score=0.1; Momentum Score=-0.246; 20D Return=0.033; 60D Return=-0.404; RSI=58.124; Volatility=0.015
2025-06-30,JNJ,Healthcare,2,-0.3528096148393808,0.0117179056060466,0.0139858362887419,-0.0158495368046872,-0.0167996949027925,41.76630613744016,0.0078638111176353,-0.0970451911935109,Final Score=-0.353; ML Score=0.012; Momentum Score=0.014; 20D Return=-0.016; 60D Return=-0.017; RSI=41.766; Volatility=0.008
2025-06-30,ABBV,Healthcare,3,-0.4352787850565517,0.0111026876919553,-0.0191228603597583,-0.0026328810464621,-0.0953750528357595,42.33100969738961,0.011015729673952,-0.7784839755746684,Final Score=-0.435; ML Score=0.011; Momentum Score=-0.019; 20D Return=-0.003; 60D Return=-0.095; RSI=42.331; Volatility=0.011
2025-07-31,UNH,Healthcare,1,1.0262053017949535,0.0949429879551454,-0.3536045210780308,-0.1885810913655971,-0.3835132554440642,20.946090281424304,0.0266770271287863,0.3234026765839137,Final Score=1.026; ML Score=0.095; Momentum Score=-0.354; 20D Return=-0.189; 60D Return=-0.384; RSI=20.946; Volatility=0.027
2025-07-31,JNJ,Healthcare,2,-0.2826080327937736,0.0100731051889214,0.0519944045856862,0.0590126515726676,0.0628387451171874,63.84183226211072,0.0165401620711836,0.7831383700639825,Final Score=-0.283; ML Score=0.01; Momentum Score=0.052; 20D Return=0.059; 60D Return=0.063; RSI=63.842; Volatility=0.017
2025-07-31,ABBV,Healthcare,3,-0.357231337581574,0.0135270339142817,-0.0211879069784255,-0.0090694402492218,-0.0359565603529561,44.433631377769586,0.0141519673047641,1.0661089369858638,Final Score=-0.357; ML Score=0.014; Momentum Score=-0.021; 20D Return=-0.009; 60D Return=-0.036; RSI=44.434; Volatility=0.014
2025-08-29,UNH,Healthcare,1,1.4098858204185551,0.0610866870756902,-0.0528363972722235,0.3032341739881836,0.0315932821096975,81.04750392015603,0.0311751917786981,0.0739118825100133,Final Score=1.41; ML Score=0.061; Momentum Score=-0.053; 20D Return=0.303; 60D Return=0.032; RSI=81.048; Volatility=0.031
2025-08-29,JNJ,Healthcare,2,-0.1224515077953444,0.0157883347374352,0.0766453400569982,0.058805929780755,0.1563111653663533,61.5596847143316,0.0077581905258352,0.0805640730306473,Final Score=-0.122; ML Score=0.016; Momentum Score=0.077; 20D Return=0.059; 60D Return=0.156; RSI=61.56; Volatility=0.008
2025-08-29,ABBV,Healthcare,3,-0.5232572038008217,0.0093396244393868,0.0422240926786848,0.07775838838675,0.1230916942957669,79.78721183970391,0.0084294547500613,-0.0571289602263933,Final Score=-0.523; ML Score=0.009; Momentum Score=0.042; 20D Return=0.078; 60D Return=0.123; RSI=79.787; Volatility=0.008
2025-09-30,UNH,Healthcare,1,0.267230642338274,0.0904313528873199,-0.0677965711203701,0.1181994865377746,0.1369398357249707,48.6598944318347,0.022892147276026,0.0800709415749612,Final Score=0.267; ML Score=0.09; Momentum Score=-0.068; 20D Return=0.118; 60D Return=0.137; RSI=48.66; Volatility=0.023
2025-09-30,ABBV,Healthcare,2,-0.0797012257482469,0.0105641185196407,0.20605478283794,0.0925820842143749,0.234024341846311,77.66960753196452,0.0143132742142456,0.8528759277186189,Final Score=-0.08; ML Score=0.011; Momentum Score=0.206; 20D Return=0.093; 60D Return=0.234; RSI=77.67; Volatility=0.014
2025-09-30,JNJ,Healthcare,3,-0.2031685000286591,0.0129024152074906,0.1566762322551024,0.0413343856636279,0.1941778390343733,70.27372054086213,0.0096794717353604,0.3456863360900768,Final Score=-0.203; ML Score=0.013; Momentum Score=0.157; 20D Return=0.041; 60D Return=0.194; RSI=70.274; Volatility=0.01
2025-10-31,UNH,Healthcare,1,0.1358753828329705,0.0191369643513521,0.0654191929183373,-0.0517490672313576,0.3960027797226926,34.28306322812422,0.0160670221449068,-0.2666602574747201,Final Score=0.136; ML Score=0.019; Momentum Score=0.065; 20D Return=-0.052; 60D Return=0.396; RSI=34.283; Volatility=0.016
2025-10-31,ABBV,Healthcare,2,-0.0451709170575057,0.0195453995938406,0.0603239210958603,-0.0678466509662464,0.0964497265257617,29.661552387692936,0.0127547291034892,1.1561336068675685,Final Score=-0.045; ML Score=0.02; Momentum Score=0.06; 20D Return=-0.068; 60D Return=0.096; RSI=29.662; Volatility=0.013
2025-10-31,JNJ,Healthcare,3,-0.1103760562447321,0.0146721669835004,0.1082256580427532,0.0012192309599408,0.101090167674994,43.13724883314969,0.0068715462405646,0.2430823612583952,Final Score=-0.11; ML Score=0.015; Momentum Score=0.108; 20D Return=0.001; 60D Return=0.101; RSI=43.137; Volatility=0.007
2025-11-28,MRK,Healthcare,1,0.8669101830905082,0.0363323543186039,0.2452477380543929,0.2149977203779114,0.247233765910759,89.18460610170715,0.0218399673284358,-0.5124762357414449,Final Score=0.867; ML Score=0.036; Momentum Score=0.245; 20D Return=0.215; 60D Return=0.247; RSI=89.185; Volatility=0.022
2025-11-28,JNJ,Healthcare,2,-0.1402270744633901,0.0062985454233329,0.1855542121018818,0.0945252305142523,0.157529674017933,97.04114795812193,0.0088414400214632,-0.1620894635161242,Final Score=-0.14; ML Score=0.006; Momentum Score=0.186; 20D Return=0.095; 60D Return=0.158; RSI=97.041; Volatility=0.009
2025-11-28,ABBV,Healthcare,3,-0.370997673704424,0.0094400568296167,0.0904319571537409,-0.0021910605025704,0.0690140701795407,60.10889225323951,0.0202842079432573,-0.5514795297932712,Final Score=-0.371; ML Score=0.009; Momentum Score=0.09; 20D Return=-0.002; 60D Return=0.069; RSI=60.109; Volatility=0.02
2025-12-31,UNH,Healthcare,1,0.1952863431589275,0.0194107145195725,0.0118554471860016,0.0171626815184164,-0.0798840609296815,51.903708719477414,0.0165920920483675,-0.0332318104906937,Final Score=0.195; ML Score=0.019; Momentum Score=0.012; 20D Return=0.017; 60D Return=-0.08; RSI=51.904; Volatility=0.017
2025-12-31,MRK,Healthcare,2,-0.0495786179219471,0.0109271601204726,0.1562466095433959,0.0418687855888642,0.1853603436801552,75.91586344113516,0.0137561337087218,0.1630372889702827,Final Score=-0.05; ML Score=0.011; Momentum Score=0.156; 20D Return=0.042; 60D Return=0.185; RSI=75.916; Volatility=0.014
2025-12-31,PFE,Healthcare,3,-0.1195244172848221,0.0171774690363371,-0.0294680447638365,-0.0099403580036558,-0.0578887880809403,35.033988449506495,0.0135429046207458,0.020383946817849,Final Score=-0.12; ML Score=0.017; Momentum Score=-0.029; 20D Return=-0.01; 60D Return=-0.058; RSI=35.034; Volatility=0.014
2026-01-30,MRK,Healthcare,1,0.8310237184119436,0.0229639976386957,0.2417534767421638,0.0475963747402536,0.3367680870252287,49.28176138856795,0.0132413443914034,0.404323352587528,Final Score=0.831; ML Score=0.023; Momentum Score=0.242; 20D Return=0.048; 60D Return=0.337; RSI=49.282; Volatility=0.013
2026-01-30,JNJ,Healthcare,2,0.2280643036922159,0.0100498952333781,0.1993625524605847,0.0980913426001877,0.2200687571246529,92.45909407554906,0.0106558037396127,0.1451691497413247,Final Score=0.228; ML Score=0.01; Momentum Score=0.199; 20D Return=0.098; 60D Return=0.22; RSI=92.459; Volatility=0.011
2026-01-30,PFE,Healthcare,3,-0.0766722779013251,0.0129170555983635,0.065128839506882,0.0618474272739062,0.0721816990129586,60.57270045755371,0.0122333006747109,0.1628348259558567,Final Score=-0.077; ML Score=0.013; Momentum Score=0.065; 20D Return=0.062; 60D Return=0.072; RSI=60.573; Volatility=0.012
2026-02-27,JNJ,Healthcare,1,0.6412598520344135,0.013497350195563,0.2225390313933027,0.0930089313832462,0.2098470687950402,64.74492159738628,0.0096288199273205,1.2904664975043918,Final Score=0.641; ML Score=0.013; Momentum Score=0.223; 20D Return=0.093; 60D Return=0.21; RSI=64.745; Volatility=0.01
2026-02-27,MRK,Healthcare,2,0.1350005959022618,0.0045190755863983,0.2568675944792687,0.1428835506755472,0.2159481240141088,54.53237462722067,0.0176589411890389,0.707745490108741,Final Score=0.135; ML Score=0.005; Momentum Score=0.257; 20D Return=0.143; 60D Return=0.216; RSI=54.532; Volatility=0.018
2026-02-27,ABBV,Healthcare,3,-0.0181396046558632,0.0132195277501794,0.0568513376228608,0.0528512885830778,0.0309626458256186,60.724045757482315,0.0173328090033376,0.503967137471161,Final Score=-0.018; ML Score=0.013; Momentum Score=0.057; 20D Return=0.053; 60D Return=0.031; RSI=60.724; Volatility=0.017
2026-03-20,UNH,Healthcare,1,0.4010862765863284,0.0414115630412122,-0.1287970751006729,-0.0496896678003772,-0.1524480463954278,31.295957103063746,0.0182796020570019,6.017736958914491,Final Score=0.401; ML Score=0.041; Momentum Score=-0.129; 20D Return=-0.05; 60D Return=-0.152; RSI=31.296; Volatility=0.018
2026-03-20,MRK,Healthcare,2,0.2872843132836798,0.0144817837331484,0.1707217347351851,-0.0660886773259777,0.0903361246581271,18.969946738319663,0.0151205239772448,3.336386841289153,Final Score=0.287; ML Score=0.014; Momentum Score=0.171; 20D Return=-0.066; 60D Return=0.09; RSI=18.97; Volatility=0.015
2026-03-20,JNJ,Healthcare,3,0.2846725434897304,0.0177049001000416,0.1392998267608115,-0.0293620776720106,0.1352980262493557,23.963692178686145,0.0102280353082685,1.2840444651534315,Final Score=0.285; ML Score=0.018; Momentum Score=0.139; 20D Return=-0.029; 60D Return=0.135; RSI=23.964; Volatility=0.01
