Date,Strategy_Return,SPY_Return
2020-02-04,0.01875519847388315,0.015241648671729946
2020-02-05,0.017788950400806403,0.011547908007240926
2020-02-06,0.004840321503261946,0.0033646685523578412
2020-02-07,-0.0003156843933155518,-0.005329741243982222
2020-02-10,0.012043987450518656,0.007465471215525099
2020-02-11,0.0024460173040062537,0.0017330529690193774
2020-02-12,0.012535560154939906,0.006442708136715547
2020-02-13,-0.006422433489053958,-0.001066976872798775
2020-02-14,0.004956588745638757,0.0016022243296358596
2020-02-18,-0.0023027763544910874,-0.002577144191088898
2020-02-19,0.01392949262828821,0.004781235564411235
2020-02-20,-0.012415101759169989,-0.004108155334324626
2020-02-21,-0.015566950188431794,-0.010298136553627657
2020-02-24,-0.04546633483015907,-0.03316545274935123
2020-02-25,-0.03325672666711146,-0.030302123258401314
2020-02-26,-0.0003435266480577903,-0.0036782922333646884
2020-02-27,-0.0480922128030218,-0.04491159414836465
2020-02-28,0.003149197150817196,-0.004201649074021985
2020-03-02,0.051859417704478064,0.04330641474316943
2020-03-03,-0.03216893844766755,-0.028632257798251515
2020-03-04,0.05335077434907472,0.042032852875672155
2020-03-05,-0.02819765997974354,-0.0332416672217013
2020-03-06,-0.015542935249619949,-0.016530994164959956
2020-03-09,-0.061291796408933265,-0.07809451522589139
2020-03-10,0.04826110903613719,0.05174503148537801
2020-03-11,-0.04452171388077286,-0.04874841899585458
2020-03-12,-0.08283928398384337,-0.09567739548289411
2020-03-13,0.10115959987066932,0.08548594673939003
2020-03-16,-0.12489935113635772,-0.10942343101941121
2020-03-17,0.06093119541481805,0.05399225933248042
2020-03-18,-0.044482843174473506,-0.05063311956899719
2020-03-19,-0.002366780308290628,0.0021251722045536603
2020-03-20,-0.03805645350276722,-0.043094279049079365
2020-03-23,-0.03441691508014032,-0.025568258489815365
2020-03-24,0.08827788158169406,0.0906032171052813
2020-03-25,0.004739176771971121,0.014970252624506353
2020-03-26,0.06692065654099026,0.05838975965648485
2020-03-27,-0.03610897583214021,-0.029785559831358
2020-03-30,0.049005647762179326,0.032475649092791326
2020-03-31,-0.005884666091098267,-0.014905390178717615
2020-04-01,-0.0456774402045629,-0.04500500974449728
2020-04-02,0.028942667740038463,0.023075597184742946
2020-04-03,-0.01628112476369973,-0.014454194416251176
2020-04-06,0.06495818352930845,0.06716617357147081
2020-04-07,-0.009430420282361806,0.00101948675575958
2020-04-08,0.037831997515901675,0.03356835428257665
2020-04-09,0.00727187938907361,0.015217312293666962
2020-04-13,-0.002301214312918387,-0.009130047855825718
2020-04-14,0.03492410575377079,0.029492919061935075
2020-04-15,-0.0075196531236466965,-0.02124823604019499
2020-04-16,0.013511703902508354,0.004824418605207104
2020-04-17,0.01341580996786026,0.027015328237243175
2020-04-20,-0.01576776713683118,-0.017617616690129845
2020-04-21,-0.03623395300356593,-0.030363572249051063
2020-04-22,0.025206898048289083,0.022194608015388306
2020-04-23,0.006675099413197172,-7.16072667339418e-05
2020-04-24,0.014643042576798404,0.013938603196672616
2020-04-27,0.015281403292850793,0.014418424084174486
2020-04-28,-0.017704312369150665,-0.004598542636358172
2020-04-29,0.023076556636573063,0.02617840527014259
2020-04-30,-0.0030277850932880824,-0.00931047987750877
2020-05-01,-0.018421537108528906,-0.026473090154659262
2020-05-04,0.007780177545621991,0.002757885542819416
2020-05-05,0.015378947458088332,0.009239239618938466
2020-05-06,-0.00033362435993306017,-0.006778701541552579
2020-05-07,0.00408576259181046,0.01206702472549348
2020-05-08,0.011931459590645488,0.016545662624505075
2020-05-11,0.015006651397233894,0.00020524957576451008
2020-05-12,-0.014371699767790302,-0.019931341761669663
2020-05-13,-0.01702813754882996,-0.017685604463422044
2020-05-14,0.016386045877793066,0.011967309709636886
2020-05-15,0.010834644945436345,0.004596690690259697
2020-05-18,0.018901009192855533,0.030459429349127598
2020-05-19,-0.005829869682580024,-0.010270766045082702
2020-05-20,0.016472232211321835,0.016987629389963343
2020-05-21,-0.005530591707752053,-0.0069038191375593305
2020-05-22,0.0042247016056082606,0.00189928562317343
2020-05-26,0.0034434407929448186,0.012320492828702845
2020-05-27,0.0064423160083860505,0.014878897841987593
2020-05-28,-0.004014225760913615,-0.0018448315840592366
2020-05-29,0.010422038905662212,0.004455963216196235
2020-06-01,0.004193407293152085,0.0040418308217253784
2020-06-02,0.006657881661327858,0.008279833040841789
2020-06-03,0.00717907189456638,0.013308343102662823
2020-06-04,-0.003183353888004503,-0.0026267114434119776
2020-06-05,0.025253692527213035,0.025629477369607967
2020-06-08,0.0040971438533560335,0.01208755862316746
2020-06-09,0.007610404177763019,-0.007456754184627434
2020-06-10,0.0040744895890722724,-0.005579990191189044
2020-06-11,-0.0609468878909458,-0.057649100207174175
2020-06-12,0.015020429345187191,0.011975748333799663
2020-06-15,0.01127870323241421,0.009335806381135514
2020-06-16,0.015642102969098716,0.019247542591423805
2020-06-17,-0.0018444924290136,-0.004153651146979964
2020-06-18,-0.0015509557764268544,0.00038486403157489413
2020-06-19,-0.0028430476252683467,-0.0057148369817994205
2020-06-22,0.012577115797457595,0.006415409233605729
2020-06-23,0.009335311907179655,0.00460352607836545
2020-06-24,-0.026593896735136846,-0.025508638478288104
2020-06-25,0.020435697370646943,0.010720087721567406
2020-06-26,-0.042969616397435774,-0.02375110002610059
2020-06-29,0.013669119888040449,0.01469751999109925
2020-06-30,0.018850291454062494,0.01280949920699892
2020-07-01,0.006361837375554314,0.007004564806293079
2020-07-02,0.002200176266655407,0.005507023274879952
2020-07-06,0.018989110369490268,0.015437603248261045
2020-07-07,-0.010609538474710401,-0.01031389017206119
2020-07-08,0.012469604835083248,0.007648648013768966
2020-07-09,-0.0034452063386851027,-0.005692785886708185
2020-07-10,0.011185636127627352,0.010210448901232017
2020-07-13,-0.00755840389357818,-0.008659148978243159
2020-07-14,0.012998270991668193,0.012959136291345263
2020-07-15,0.004368427613112069,0.009187155808126457
2020-07-16,-0.007513019889966499,-0.0032934072700817607
2020-07-17,-0.002755666314573968,0.002899251674066017
2020-07-20,0.014061327197255257,0.00808134792761539
2020-07-21,-0.003340777840586562,0.0021275858484355314
2020-07-22,0.0034507684852135624,0.005692094405984172
2020-07-23,-0.018326572795328955,-0.01193175463494145
2020-07-24,-0.005890679471265758,-0.006440339153532593
2020-07-27,0.006438463588693477,0.007292346733915878
2020-07-28,-0.006409580264689829,-0.006342406721492888
2020-07-29,0.01772881713066472,0.01229905979967194
2020-07-30,-0.004074411774238185,-0.00356822395815648
2020-07-31,0.011821723246429616,0.007902119420869047
2020-08-03,0.011751802612491213,0.0069524907228926125
2020-08-04,-0.0021556734590444603,0.0038623549970699944
2020-08-05,0.005760067365129862,0.006210769600065946
2020-08-06,0.01341487649496087,0.006684788158289878
2020-08-07,0.0018235935312804542,0.000718049255034936
2020-08-10,-6.823517894789521e-05,0.002988687798898493
2020-08-11,-0.009679933460879475,-0.008254682134899882
2020-08-12,0.019961435015381324,0.013942533307709226
2020-08-13,-0.0007681202993822245,-0.0018079151164409613
2020-08-14,0.0015448784470476705,2.9831588904905004e-05
2020-08-17,0.004158060638841432,0.003176576935139064
2020-08-18,-0.0008272164032851692,0.0021603769303122355
2020-08-19,-0.0024595387874644103,-0.004163664477630835
2020-08-20,0.005903468506285503,0.0031134086419166707
2020-08-21,0.007893137117748006,0.003547640122649076
2020-08-24,0.007547441666145682,0.010132982926118972
2020-08-25,0.006652628295763197,0.0034994443261020525
2020-08-26,0.009495174265678464,0.010025457454239106
2020-08-27,0.0012372756432889932,0.0021865875350151054
2020-08-28,0.008030672907633495,0.006459479630097853
2020-08-31,-0.0009573790803923177,-0.0036225769426366794
2020-09-01,0.007598079210160457,0.009418425140150344
2020-09-02,0.017106185235261872,0.014464010349045875
2020-09-03,-0.04332821509199238,-0.03441423248515263
2020-09-04,-0.007954644426205072,-0.008164874207595041
2020-09-08,-0.037796258281698594,-0.027322902618909573
2020-09-09,0.02178507874942307,0.019747408471306294
2020-09-10,-0.019770465679078954,-0.01736385069668145
2020-09-11,-0.0011571552019860709,0.0005095236978016615
2020-09-14,0.015188699758538204,0.013171312049446549
2020-09-15,0.0037622089315716865,0.005052218990948765
2020-09-16,-0.011496431448505196,-0.0039686769518920695
2020-09-17,-0.012549122141191393,-0.008795163903664749
2020-09-18,-0.01091358947381076,-0.011512618853826373
2020-09-21,-0.006705507685105539,-0.011129558430903574
2020-09-22,0.007886175099867864,0.010184322452429173
2020-09-23,-0.0260870445076976,-0.023191009094702952
2020-09-24,0.010076779566771266,0.002665324395927149
2020-09-25,0.01648736242481702,0.01616711421819672
2020-09-28,0.014728467059950078,0.016609425821613177
2020-09-29,-0.0014460427083980098,-0.005446085682559554
2020-09-30,0.011745365982460731,0.007581721616583437
2020-10-01,0.004247234366931407,0.006420212960476235
2020-10-02,-0.015833733967341668,-0.009494503313386526
2020-10-05,0.020678279553304302,0.01773332724554022
2020-10-06,-0.017060137277302333,-0.01421620381351929
2020-10-07,0.013623389338649806,0.017406488545866683
2020-10-08,0.005288415405769198,0.008862679621788105
2020-10-09,0.009038567996448987,0.00893019084999458
2020-10-12,0.025399234453776554,0.016087500634746954
2020-10-13,-0.003034030420259126,-0.006525901273289225
2020-10-14,-0.009314087331246623,-0.0062834927407497965
2020-10-15,-0.005153908970933907,-0.0012359369825424293
2020-10-16,0.006017039381564915,-0.0006041435703567632
2020-10-19,-0.019181400132386728,-0.015203533281303416
2020-10-20,0.006602306544226366,0.004005706982158852
2020-10-21,0.000417735375183792,-0.0018927562143035148
2020-10-22,0.005062371233539875,0.00548510885592024
2020-10-23,0.009500108616917613,0.0033952214503099043
2020-10-26,-0.02076045909189378,-0.018479904158668736
2020-10-27,-0.0005688540889405402,-0.0034475383144688676
2020-10-28,-0.045167902862021145,-0.03417882458202881
2020-10-29,0.017531343283167654,0.010163452126981998
2020-10-30,-0.008076390652430066,-0.010424749946674083
2020-11-02,0.00709532735677929,0.011208443948504954
2020-11-03,0.018553293457276722,0.017655827857896655
2020-11-04,0.0335982786792155,0.022349295823771653
2020-11-05,0.02133499775743699,0.019502828564181174
2020-11-06,0.002178462509974699,-0.00022860004654723376
2020-11-09,0.01534243987838646,0.012565629420031588
2020-11-10,-0.010233158006046229,-0.0014666820552527993
2020-11-11,0.011207507949601226,0.007428707828490477
2020-11-12,-0.00844738887887645,-0.009700682482338019
2020-11-13,0.008697467246369139,0.013844125245843442
2020-11-16,0.007892312508552402,0.012482929078278193
2020-11-17,-0.0042082069644044815,-0.005378456410068733
2020-11-18,-0.011412826390524355,-0.012034731174461744
2020-11-19,0.0026376932673435327,0.004210167402273202
2020-11-20,-0.010529558269101402,-0.006848000376896701
2020-11-23,0.0011166130884703862,0.0059945655054127744
2020-11-24,0.016973298862474884,0.016113775153511645
2020-11-25,0.0025353567714092697,-0.0015417468054752526
2020-11-27,0.0028271677917861117,0.0027849668616266587
2020-11-30,-0.003581951041038878,-0.004427240975035884
2020-12-01,0.0171609773387416,0.010937465759895515
2020-12-02,0.015232345809747328,0.0021040673718901726
2020-12-03,-0.006520092356800189,-0.00027285661035081343
2020-12-04,0.007508302253136201,0.008617439775377767
2020-12-07,0.00166515673497577,-0.002054684717651578
2020-12-08,0.0021861427984156355,0.0029259910853782767
2020-12-09,-0.009154814028998693,-0.008968745064055206
2020-12-10,-0.0019819273139633164,-0.00032728471338083764
2020-12-11,-0.008665235872339926,-0.0011721293021014212
2020-12-14,-0.010460900482279678,-0.004477688803998459
2020-12-15,0.011854841329978905,0.01351939633886623
2020-12-16,-0.0004083480574383791,0.0015695108007640624
2020-12-17,0.0016158555954136067,0.005591936284868204
2020-12-18,-0.00672007012836433,-0.00399259780997907
2020-12-21,0.014260176077163556,-0.003575811283829
2020-12-22,-0.009339967259933735,-0.001685156453988812
2020-12-23,0.008959846666075976,0.0008984521450376981
2020-12-24,0.00047609973681663755,0.0038904221253377447
2020-12-28,0.011169772544142387,0.008590665820798593
2020-12-29,-0.001122755698500766,-0.0019076038673878637
2020-12-30,-0.002227470599659809,0.0014267523253450598
2020-12-31,0.007606726928307439,0.005080768479671649
2021-01-04,-0.006146385572364366,-0.013613674524228125
2021-01-05,0.005737753607570251,0.006887004346000314
2021-01-06,0.02391285422020789,0.005978532336125664
2021-01-07,0.016411908876887815,0.01485763640335036
2021-01-08,0.0011310076472294205,0.005697751208084023
2021-01-11,0.0042327434971668795,-0.00674085348604736
2021-01-12,0.00031933854752306254,0.00021113446469311903
2021-01-13,0.000990980566702837,0.002693018948152659
2021-01-14,-6.226990252534703e-05,-0.0035018969939411004
2021-01-15,-0.00996507565309035,-0.007292853341537842
2021-01-19,0.0029550907852946783,0.007852246670766005
2021-01-20,0.0023718040377687212,0.013838428813727655
2021-01-21,-0.0038489768353054286,0.0009118309510844913
2021-01-22,-0.00443540833026006,-0.0035395747630230234
2021-01-25,-0.004230149067077471,0.003943767704873036
2021-01-26,-0.0020474329486718677,-0.0015607522448872757
2021-01-27,-0.03434121765256768,-0.024440580809407364
2021-01-28,0.01153146299598915,0.008600320908672687
2021-01-29,-0.018357444840741043,-0.020019627511329685
2021-02-01,0.014054813062617955,0.016645336031906766
2021-02-02,0.02056528219478553,0.014140134092706313
2021-02-03,0.013641224500524528,0.0007865714933774637
2021-02-04,0.014718008868609689,0.011365717241394124
2021-02-05,0.00310688084905516,0.003935685809274281
2021-02-08,0.012234861830528198,0.0072222690546766
2021-02-09,-0.003009851996886337,-0.0006661098821912903
2021-02-10,0.0037862332237742157,-0.0004356330716230872
2021-02-11,0.0011144321003767944,0.0016150491859707738
2021-02-12,0.005205038423731945,0.004939864308951769
2021-02-16,0.008816466807856782,-0.0008661296228854587
2021-02-17,-0.0014075298554223736,0.00022971412832961668
2021-02-18,-0.004352340832821789,-0.004256212532259274
2021-02-19,0.0022636253088165414,-0.0017660259365605002
2021-02-22,-0.004924114157517856,-0.007691504699775642
2021-02-23,-0.00074142878250818,0.0012140985864315113
2021-02-24,0.018267483268674646,0.011019553620857936
2021-02-25,-0.023750181415122983,-0.024095878446461105
2021-02-26,-0.007765507159373841,-0.005152399721681911
2021-03-01,0.02090824389785042,0.0242400491673449
2021-03-02,-0.005978072284604929,-0.0078033832836478245
2021-03-03,-0.007833037085606065,-0.013245653165797955
2021-03-04,-0.012013284798661372,-0.012374909283554114
2021-03-05,0.009946145581080612,0.018396643962861337
2021-03-08,-0.013367305541319296,-0.004978735014724567
2021-03-09,0.01553878627182439,0.014277706693923475
2021-03-10,0.00972923912978747,0.006224513805906495
2021-03-11,0.00998712563247578,0.010139113886515005
2021-03-12,0.0009239340413159547,0.0013467371176143494
2021-03-15,0.00675535448495147,0.005963694239379924
2021-03-16,0.0029798897862903574,-0.0012610373849745171
2021-03-17,-0.002770434267479127,0.003409903109799828
2021-03-18,-0.012439721676557502,-0.014549908494203567
2021-03-19,-0.004513216979489765,-0.0018502706029130955
2021-03-22,0.006792387429226077,0.007984854958594134
2021-03-23,-0.009885323502886489,-0.007870666293803175
2021-03-24,-0.006512156274100234,-0.0050835728845800565
2021-03-25,0.0021047189280975374,0.005625569879950554
2021-03-26,0.01033779300387434,0.016114888032898955
2021-03-29,-0.0007720207047201999,-0.0005050800941012179
2021-03-30,-0.0005223061291417363,-0.00265298983740192
2021-03-31,0.004551368572302483,0.004053601911293558
2021-04-01,0.010883498699192362,0.01079905131124037
2021-04-05,0.005915352789449468,0.014353000822473927
2021-04-06,-0.0024700538862523214,-0.0005906783779550118
2021-04-07,0.008329060439168357,0.001157435529650197
2021-04-08,0.006542648983709631,0.004746621312116783
2021-04-09,0.00976182596228733,0.007270057003101682
2021-04-12,0.0037896156448642302,0.0003647899702292623
2021-04-13,-0.0008553096626150558,0.002963611618284734
2021-04-14,-0.004520298207367157,-0.0034151458298610216
2021-04-15,0.014620794221026846,0.010742574485444578
2021-04-16,-0.0007578692453671821,0.00334226405606719
2021-04-19,-0.002478253804042663,-0.004912867432374846
2021-04-20,-0.013084307004376428,-0.007321560089273982
2021-04-21,0.011305357698548301,0.009462071132723793
2021-04-22,-0.012890846748561424,-0.009133151260342531
2021-04-23,0.019398140922549323,0.010842230687061027
2021-04-26,0.004137255659728822,0.002087779083053576
2021-04-27,0.001918723084913343,-0.00021571333552050653
2021-04-28,0.004270220119424295,-0.0002871320245413367
2021-04-29,0.016970524058475888,0.006372733019294419
2021-04-30,-0.011326715276196686,-0.0065704804970631026
2021-05-03,0.006013820514145907,0.002156621641979717
2021-05-04,-0.004511650505363229,-0.006169198666729936
2021-05-05,0.006764018109889603,0.00031281574421537783
2021-05-06,0.009149299587286563,0.007985427769272802
2021-05-07,0.008162170643691647,0.00727813807036326
2021-05-10,-0.011406507082702577,-0.009902484573158343
2021-05-11,-0.011181129795766387,-0.008924513034606507
2021-05-12,-0.016535846271754594,-0.02124550862493102
2021-05-13,0.011230256192597654,0.012012680745924653
2021-05-14,0.016889470659853766,0.015355370385693679
2021-05-17,0.0007101787540510385,-0.0025447613752849207
2021-05-18,-0.006799609816960317,-0.008615553258522035
2021-05-19,-0.004789884479620821,-0.002621889089530649
2021-05-20,0.009899664604747404,0.010758161887289397
2021-05-21,0.006346050784169721,-0.0008189122142314709
2021-05-24,0.012394973395591691,0.010194631366624574
2021-05-25,-0.0047150774697889974,-0.002218948633358031
2021-05-26,0.0006633359201756006,0.001984432660538271
2021-05-27,-0.0025854845506176004,0.000525124374948005
2021-05-28,0.006300295193219374,0.0017889277250131563
2021-06-01,0.0033323191275234977,-0.0008811203912121313
2021-06-02,0.0038902746954907696,0.0015728871073943385
2021-06-03,0.0018077696657103238,-0.003711569694853867
2021-06-04,0.009887897099825061,0.009145893531490534
2021-06-07,-0.0007769872435871905,-0.0009702657502916878
2021-06-08,-0.005234631931229738,0.000213141051314647
2021-06-09,-0.002789381467307439,-0.0014921336838501498
2021-06-10,-0.0018059654043027563,0.004648691684158601
2021-06-11,0.0016626719274908663,0.001652438046107596
2021-06-14,-0.000831188423085305,0.0022389663622159883
2021-06-15,-0.004862691529723529,-0.0018339639144990816
2021-06-16,-0.0016487781277375936,-0.005583664951160028
2021-06-17,-0.004248195925814035,-0.00033146080940371636
2021-06-18,-0.020951787511906173,-0.013490560726959089
2021-06-21,0.014590923795915233,0.01431601463979626
2021-06-22,0.006190401073117235,0.005346352531310883
2021-06-23,0.0020801494144195853,-0.0012054765165308012
2021-06-24,0.009699641018630523,0.005915744301620451
2021-06-25,0.004449103023165224,0.003552000652128351
2021-06-28,0.008863599240560172,0.0020160306807990303
2021-06-29,0.001783446431355451,0.0005380401305405957
2021-06-30,0.004130412625673452,0.0008418823044578083
2021-07-01,0.00794481127264086,0.005536563114346915
2021-07-02,0.005726829598277449,0.007643211569831498
2021-07-06,-0.004212311429636806,-0.0018213126697131932
2021-07-07,-0.0017338243901031225,0.003534098950708442
2021-07-08,-0.013778463987369982,-0.008147875396494308
2021-07-09,0.014949134920525431,0.010674648518454122
2021-07-12,0.011485645547280121,0.0035819541002868327
2021-07-13,-0.003419177289478026,-0.003408966692644344
2021-07-14,-0.004966110494204301,0.0014919917315769915
2021-07-15,-0.0039042006813041928,-0.003415456896589064
2021-07-16,-0.011483163714318411,-0.007843391369130703
2021-07-19,-0.016245112835102327,-0.01476784933892794
2021-07-20,0.013262685154403087,0.014330212577464918
2021-07-21,0.014766475315897375,0.008096469798033912
2021-07-22,0.0023270831229727507,0.0020940870987642413
2021-07-23,0.01169436725805345,0.01028783131654265
2021-07-26,0.0019161380941726148,0.002454934387025931
2021-07-27,-0.0026074453788557882,-0.004557630613997055
2021-07-28,0.0072881480617907335,-0.0004101708422018513
2021-07-29,-0.0003794870017379437,0.0041476983454329375
2021-07-30,-0.007197129038905093,-0.004856502613024394
2021-08-02,0.0018563321582847347,-0.0020982000086450237
2021-08-03,0.008046656552158249,0.008135442400265536
2021-08-04,0.0013269840318130722,-0.004918845109385783
2021-08-05,0.006934039682360282,0.00633274643759818
2021-08-06,0.004764570237806087,0.0016525134645013484
2021-08-09,0.0014975598634285325,-0.0008133748830925214
2021-08-10,0.004567365900095566,0.0012438538401760013
2021-08-11,-0.0044344883610009985,0.002484837890720959
2021-08-12,0.006747675546354559,0.0029969446385351706
2021-08-13,0.005342279346074952,0.0018199248294146209
2021-08-16,0.005215783973703781,0.0023546002054788406
2021-08-17,-0.004818727607341344,-0.006555155288192505
2021-08-18,-0.014808389795084819,-0.010944979813991229
2021-08-19,0.005018862327720919,0.0015480197582937727
2021-08-20,0.01288899502074975,0.00795729552649238
2021-08-23,0.015187848974040375,0.008796461405616407
2021-08-24,-0.0008509181032957391,0.0015875554064264108
2021-08-25,0.0009668613669604586,0.002098311971923339
2021-08-26,-0.00597440249758735,-0.005903337616644744
2021-08-27,0.010648467837823772,0.008941015845593814
2021-08-30,0.003990140878685688,0.004397509387248588
2021-08-31,-0.005580679887550089,-0.0014814557688482832
2021-09-01,-0.004719695556071335,0.0005316227548386454
2021-09-02,0.0011484605840892503,0.0030764537465797215
2021-09-03,0.001728162743998418,-0.00024275709974685977
2021-09-07,-0.0023027176791215022,-0.0035753189063127966
2021-09-08,-0.006261045541828214,-0.0012185808035145573
2021-09-09,-0.008738086658900213,-0.004279914930406914
2021-09-10,-0.009143989861540424,-0.007884662269268428
2021-09-13,0.0017232555586499053,0.002559226016002336
2021-09-14,-0.0025334630400347,-0.005396441194455925
2021-09-15,0.005864572529892998,0.008352649193573258
2021-09-16,-0.0032476724335228748,-0.0015853575267724684
2021-09-17,-0.011749529542936432,-0.009741082879392127
2021-09-20,-0.017817467372376227,-0.01667422618070924
2021-09-21,0.0016871351394560975,-0.0009444390550343851
2021-09-22,0.003840765772119048,0.009754728792995326
2021-09-23,0.008431776310233775,0.012150204151841315
2021-09-24,-0.0006913987240951159,0.0016470122520892971
2021-09-27,-0.0044312638177774755,-0.0028608579721761673
2021-09-28,-0.02381939320928551,-0.020152109855178124
2021-09-29,0.0010906002906134193,0.0016835352023678585
2021-09-30,-0.009082235858736331,-0.012222403719969854
2021-10-01,0.01258641657940357,0.011884037622472254
2021-10-04,-0.020823978736001815,-0.012896005846889103
2021-10-05,0.015666139219544063,0.010404888701901482
2021-10-06,0.003568987749291763,0.0041560957795456765
2021-10-07,0.010251664480578038,0.008645799462121406
2021-10-08,0.0017977674701949108,-0.0018238394855476514
2021-10-11,-0.014213899644014604,-0.007239586847386903
2021-10-12,-0.005342692436330787,-0.002461637778899406
2021-10-13,-0.0012180862159095085,0.0035977646019043075
2021-10-14,0.01929489321641418,0.016820415726715998
2021-10-15,0.010748283114306034,0.007615676592026999
2021-10-18,0.0039269473416403185,0.002960774973966629
2021-10-19,0.006262328126632288,0.007714825785380963
2021-10-20,0.0018126069405510093,0.003927548795033653
2021-10-21,0.0034403661182412114,0.0026085528846209183
2021-10-22,-0.00039903474574179974,-0.001036354870810663
2021-10-25,0.0034389395514225927,0.005362825386199033
2021-10-26,0.008747894300611259,0.0008998447879979832
2021-10-27,-0.011992123113249853,-0.0044301026546939015
2021-10-28,0.005654848847152838,0.009648907881711466
2021-10-29,0.013637719185837106,0.0020291484227827894
2021-11-01,-0.0028237202142079253,0.0017202973026619883
2021-11-02,0.00911974522773622,0.004043123260851544
2021-11-03,0.001272992805405182,0.006105205628723409
2021-11-04,0.006970422173439283,0.004712436779976015
2021-11-05,-0.010807875872867889,0.0034696010977348646
2021-11-08,0.008081306351312434,0.0008536439858355394
2021-11-09,-0.0030138292199033967,-0.0033052568003774097
2021-11-10,-0.0116185884940333,-0.008045108285348768
2021-11-11,0.005484980367310233,0.00032371684922050115
2021-11-12,0.004998548734844166,0.007546818752449225
2021-11-15,-0.0032383362233407097,0.0003425173132776127
2021-11-16,0.0015326139081270674,0.003957741584928787
2021-11-17,-0.011014603679541445,-0.0024292047483048806
2021-11-18,0.012290334426142746,0.003396339018932659
2021-11-19,-0.004270437357850954,-0.001788211090184677
2021-11-22,0.0038811488420606,-0.0028151393012763037
2021-11-23,0.012364052983014151,0.0013260731079469679
2021-11-24,0.0006043440975847192,0.0026697825108061846
2021-11-26,-0.030498991467742764,-0.022303376346110126
2021-11-29,0.007698952934439984,0.012266720536571407
2021-11-30,-0.012784433489748693,-0.01945750415688763
2021-12-01,-0.00948199970758099,-0.011107319973707175
2021-12-02,0.009186921157635896,0.015316503111438395
2021-12-03,-0.01053003923580904,-0.00870135982302167
2021-12-06,0.006099114824341623,0.011843291345697393
2021-12-07,0.027375336784338188,0.02068478540141916
2021-12-08,0.0005863063238660149,0.002648055796560689
2021-12-09,-0.003495888263183744,-0.00675169342023807
2021-12-10,0.003844004877784979,0.009413582674780985
2021-12-13,-0.010228652212763967,-0.008858355618472147
2021-12-14,-3.771652509474421e-05,-0.00688003622631761
2021-12-15,0.025843655802043543,0.015624963874080189
2021-12-16,-0.007924199071509897,-0.00881856577341844
2021-12-17,-0.01888967391135493,-0.010642827682905254
2021-12-20,-0.00911894830374541,-0.010633434951857312
2021-12-21,0.017687428269818384,0.01775911844761624
2021-12-22,0.009096638978263506,0.009998557342828063
2021-12-23,0.004345296785050001,0.006222183425131034
2021-12-27,0.01696382471342652,0.014152188876599858
2021-12-28,-0.005479485086895985,-0.0008172681431223294
2021-12-29,-0.0037495569608081204,0.0012793785065632335
2021-12-30,-0.001838683078144765,-0.0027645039401447136
2021-12-31,-0.005926504374363184,-0.0025205167782960114
2022-01-03,0.006711164611962905,0.005789993916239133
2022-01-04,-0.0049087103174689,-0.00033494247027854307
2022-01-05,-0.017981242513071115,-0.019201966918734437
2022-01-06,-0.003650208899634089,-0.0009394740299181192
2022-01-07,-0.00016730879550940213,-0.003953483484496645
2022-01-10,0.004393718219726228,-0.001244349654479171
2022-01-11,0.005891715817721155,0.009108246109446494
2022-01-12,0.0033413220169691616,0.0027035268777690913
2022-01-13,-0.02020065433381386,-0.013778579400063995
2022-01-14,-0.0031589969192451716,0.0004090031104571068
2022-01-18,-0.02125594688951953,-0.017709562506608822
2022-01-19,-0.00909173287185847,-0.010383695411223304
2022-01-20,-0.010295004437703027,-0.011067902374161886
2022-01-21,-0.015861146475464293,-0.019630840614266787
2022-01-24,-0.004091675298957797,0.004246893124792761
2022-01-25,-0.0038451151277970495,-0.01220901582071332
2022-01-26,0.01113992430715206,-0.0025086922254144994
2022-01-27,-0.0017737675775533978,-0.004938112911269554
2022-01-28,0.023914797487296458,0.024835599605709024
2022-01-31,0.01203421488051427,0.018010990881192068
2022-02-01,0.006365394727461393,0.006756988502290673
2022-02-02,0.008704721096439971,0.009714062592959705
2022-02-03,-0.01480629573258111,-0.023505094055389808
2022-02-04,0.009337166727242819,0.004702333441337192
2022-02-07,0.0011827490971967336,-0.0032091617743850165
2022-02-08,0.007781113644322779,0.00822764310439883
2022-02-09,0.01058019002570999,0.014636044477964516
2022-02-10,-0.014713287065507142,-0.0179656955355042
2022-02-11,-0.019137181937253712,-0.019718572907939103
2022-02-14,-0.003527298979391824,-0.0032694920003393246
2022-02-15,0.02039077522473488,0.016126890555054008
2022-02-16,-0.0013512297785765793,0.0011209168878236753
2022-02-17,-0.02666995046125592,-0.02136151372311934
2022-02-18,-0.007993230065648272,-0.00647497691367771
2022-02-22,-0.007160559431550306,-0.010731756669268733
2022-02-23,-0.015498353827985067,-0.017738492286520025
2022-02-24,0.00030370666548996673,0.015049036677953875
2022-02-25,0.02743160353916472,0.02206425074285967
2022-02-28,-0.00936002258220121,-0.0025586230407470545
2022-03-01,-0.013576648491434428,-0.01523034035656401
2022-03-02,0.014734484901474687,0.018396226166669916
2022-03-03,-0.0010928293444504966,-0.004978492995955985
2022-03-04,-0.0065828988839652935,-0.00812462620935539
2022-03-07,-0.024496442582519994,-0.02947935733855711
2022-03-08,-0.00895743833114424,-0.007581683698678177
2022-03-09,0.03154074622975041,0.026811050621688315
2022-03-10,-0.00360794321133765,-0.0045157116656679985
2022-03-11,-0.007078992826537578,-0.012714821311399338
2022-03-14,0.0048195394221154705,-0.007308673974288138
2022-03-15,0.021202021073283672,0.021990633261440795
2022-03-16,0.014453237341642689,0.022174297872857185
2022-03-17,0.010865740923244393,0.012510792271953619
2022-03-18,0.007726305236914388,0.010952888781967651
2022-03-21,8.299577366999156e-05,-0.0002924521163165661
2022-03-22,0.007495611659109158,0.01170150678308568
2022-03-23,-0.008864934617371834,-0.012878584962464523
2022-03-24,0.012712271424814282,0.015074420508903064
2022-03-25,0.005402300793046333,0.004883607602698348
2022-03-28,0.005053166721916791,0.007112954078370093
2022-03-29,0.006275845004788639,0.01237105569808139
2022-03-30,3.808132791939256e-05,-0.006175028885836764
2022-03-31,-0.01678283728705645,-0.015391329255189712
2022-04-01,-0.0016158107758588503,0.002834216102640452
2022-04-04,0.005305373173703587,0.00856662771266925
2022-04-05,-0.00916565314921296,-0.01263125938764742
2022-04-06,-0.004428750615871402,-0.009999347172279904
2022-04-07,0.00509462270929798,0.005038832559590478
2022-04-08,0.001742511285074988,-0.002674047737896479
2022-04-11,-0.0191479221078772,-0.017092274807998575
2022-04-12,-0.007932987414727644,-0.0037052032880435792
2022-04-13,-0.0021269368131057844,0.01145363136507549
2022-04-14,-0.012416854869000415,-0.01245175573022217
2022-04-18,0.0048308713004959645,0.00041135129194058706
2022-04-19,0.010821202971155098,0.01614265487591049
2022-04-20,-0.007645208939813086,-0.0007416168275857782
2022-04-21,-0.01932442445617758,-0.01495364718193648
2022-04-22,-0.027170687782617553,-0.02743915547092779
2022-04-25,0.00963714176158964,0.005797614219184677
2022-04-26,-0.02298263377462282,-0.028960813870797075
2022-04-27,-0.006283040752863789,0.0028117641770175617
2022-04-28,0.037841023044329736,0.025259423466309716
2022-04-29,-0.03635983268140195,-0.036955618927161704
2022-05-02,-0.0004009979917366069,0.00601952753518975
2022-05-03,0.007853915198879147,0.0045839597279455635
2022-05-04,0.024501649509294142,0.030452868436302793
2022-05-05,-0.025788107303183937,-0.035542866712427124
2022-05-06,0.0008819072100265446,-0.0059688052826814
2022-05-09,-0.020987087003786785,-0.032017407961222544
2022-05-10,0.0007794321483882372,0.0023108223757586366
2022-05-11,-0.0064688773990184915,-0.015886176275884845
2022-05-12,-0.0018339803600629478,-0.001044161220594586
2022-05-13,0.010099270991431274,0.02390797568201175
2022-05-16,0.0016262812644537328,-0.004057534754211778
2022-05-17,0.018701425482766532,0.02057031434515655
2022-05-18,-0.02585439457996097,-0.04031164725703329
2022-05-19,-0.00478089657839883,-0.0061245555362058335
2022-05-20,0.006069864169265094,0.0004365619290671585
2022-05-23,0.022940219786324868,0.0187100870582515
2022-05-24,-0.0013744570978512672,-0.0076336405065661195
2022-05-25,0.002534012305013955,0.00883469950780058
2022-05-26,0.011900054550151229,0.01998133660913881
2022-05-27,0.012529116693929055,0.024549464191666148
2022-05-31,-0.008660686504354753,-0.005611215627993937
2022-06-01,-0.010377019054335778,-0.008088535351464476
2022-06-02,0.013889089945703292,0.01904363340881665
2022-06-03,-0.013638205245615797,-0.01641163444821414
2022-06-06,0.00466753261357622,0.0030446625395585958
2022-06-07,0.010075029140946356,0.00959222077700761
2022-06-08,-0.0052700698742606964,-0.010872034911029393
2022-06-09,-0.0278175955652732,-0.023782786207376838
2022-06-10,-0.02705178447564327,-0.028995751889252075
2022-06-13,-0.03452407847958082,-0.03796819352674774
2022-06-14,-0.005445240298049358,-0.003013292871719364
2022-06-15,0.014204102916479089,0.01425629571112963
2022-06-16,-0.02048193885416193,-0.03309589869674745
2022-06-17,-5.288357706551006e-05,0.002155705477222991
2022-06-21,0.027604756091353135,0.025173679376706337
2022-06-22,0.007604664556185803,-0.0018129792396068822
2022-06-23,0.01589993698330966,0.009802431519697175
2022-06-24,0.02902835531156982,0.03179397032259268
2022-06-27,0.00043102485443884396,-0.0038196675670874036
2022-06-28,-0.02237328965805461,-0.020433006364464323
2022-06-29,0.007073236047977582,-0.0008144093941709896
2022-06-30,-0.008805358044622114,-0.008124136981941144
2022-07-01,0.001630743179328098,0.01057642463340902
2022-07-05,0.009028113768257073,0.001888672036055583
2022-07-06,0.0032136848341884463,0.0033772780779746103
2022-07-07,0.018063843241584554,0.014977095017845832
2022-07-08,-0.00016402656330166687,-0.0008225391579077534
2022-07-11,-0.01607347025334933,-0.011423654414398188
2022-07-12,-0.0073033264919621695,-0.008848874879695545
2022-07-13,-0.008537743191981795,-0.005251697043617387
2022-07-14,-0.01107371951578331,-0.0024285193101615254
2022-07-15,0.03459875211218118,0.019105060541291685
2022-07-18,-0.0041576919959725785,-0.008256887082948139
2022-07-19,0.034474679757749004,0.027019101475189267
2022-07-20,0.007045904541213177,0.006373358157908182
2022-07-21,0.007846147388528669,0.010183013945019637
2022-07-22,-0.02176647206847503,-0.0092779591098886
2022-07-25,0.00014786249130761543,0.0012148404789367184
2022-07-26,-0.01767247297116632,-0.01183103302155597
2022-07-27,0.033419424947262036,0.02596633269470039
2022-07-28,0.0007558892341655299,0.012542274326539316
2022-07-29,0.0029921945598281098,0.014578980535764119
2022-08-01,-0.006574812786487738,-0.0029612712055365753
2022-08-02,-0.007898343296489219,-0.006597341926224076
2022-08-03,0.015591727326407323,0.01565939753896428
2022-08-04,-0.005682200329111653,-0.0006755474149987561
2022-08-05,0.0037275868882138963,-0.0016901265179757319
2022-08-08,-0.007445478839314057,-0.0011609148518505474
2022-08-09,0.0007386413967119365,-0.003971120986192123
2022-08-10,0.020816564882851562,0.02100400849927686
2022-08-11,0.0004624568851697264,0.0
2022-08-12,0.015121716754757819,0.016929002645672764
2022-08-15,0.0035723761842879065,0.00412066936686406
2022-08-16,0.001963225697804061,0.001958845451504043
2022-08-17,-0.004774419964443044,-0.007097945914341097
2022-08-18,0.0006998630794879945,0.0029064849001572135
2022-08-19,-0.01074603486976462,-0.013438159961570273
2022-08-22,-0.019323448297545166,-0.02082260767646671
2022-08-23,-0.006819584453515171,-0.0024191456500475272
2022-08-24,4.5378141307406136e-05,0.0032011873058637175
2022-08-25,0.015322748666075681,0.014117531989678911
2022-08-26,-0.033444083610225626,-0.03384897872390591
2022-08-29,-0.009637288803558597,-0.0066122175532790095
2022-08-30,-0.006585300871898081,-0.010977966306758624
2022-08-31,-0.01023798954598607,-0.007609005589302442
2022-09-01,0.013785763423577646,0.003137941867020544
2022-09-02,-0.012707997685772143,-0.01054467723243191
2022-09-06,-0.002865265411775808,-0.0037730099822217422
2022-09-07,0.011082231566677647,0.01796516328728104
2022-09-08,0.010945822294335017,0.006536295946120818
2022-09-09,0.013099532195976293,0.015535017610903479
2022-09-12,0.009788358207935555,0.010747735626031929
2022-09-13,-0.04094367111264045,-0.04348244963861314
2022-09-14,-7.445808499142447e-05,0.0038157278959845
2022-09-15,0.002905271696961631,-0.011353379102198025
2022-09-16,-0.005537160909661798,-0.007628923020748357
2022-09-19,0.00375270872593787,0.0077550879571315345
2022-09-20,-0.008605922243908081,-0.01147862694017987
2022-09-21,-0.018686084330215503,-0.017443768234946644
2022-09-22,0.0017696221703374815,-0.008399808656148422
2022-09-23,-0.01603378181573404,-0.016754772693458486
2022-09-26,-0.014791269925921136,-0.00989269277826732
2022-09-27,-0.0040633580101431584,-0.0025528141350111833
2022-09-28,0.017584940293659777,0.0196764648703327
2022-09-29,-0.01638297673311372,-0.020888920113672826
2022-09-30,-0.016752517778148835,-0.015463653982550007
2022-10-03,0.020072499407431044,0.02640133565038516
2022-10-04,0.027845852803825323,0.030986520712142473
2022-10-05,-0.0007362910624273856,-0.0023283930179176515
2022-10-06,-0.015215442668480817,-0.010315432602272745
2022-10-07,-0.02466791047870871,-0.027893963947234757
2022-10-10,-0.006666972154527806,-0.007635434239868899
2022-10-11,-0.002980430642853138,-0.00633296842416442
2022-10-12,-0.002744727034600991,-0.003298409072095443
2022-10-13,0.02904800367582048,0.02639100472177658
2022-10-14,-0.017418787462412842,-0.022788710139571733
2022-10-17,0.023912498621971267,0.025696997271628996
2022-10-18,0.008794149878864677,0.011749634641121887
2022-10-19,-0.009306153173493158,-0.007086514433433888
2022-10-20,-0.0007467867768018444,-0.008385490248387528
2022-10-21,0.02968758556744453,0.024301564036909307
2022-10-24,0.01325065535439196,0.012236442662688418
2022-10-25,0.010380415792866226,0.01596873746256766
2022-10-26,0.0005905099490071785,-0.0075342684841276375
2022-10-27,0.0019513976045013482,-0.005339741983627189
2022-10-28,0.01887860080469218,0.023790464944724032
2022-10-31,-0.006390591820552916,-0.007223286757833791
2022-11-01,0.001650172297990915,-0.004375756632280403
2022-11-02,-0.011932949251310287,-0.02509619338346547
2022-11-03,-0.009936262388844153,-0.010297009532631352
2022-11-04,0.013574101851339148,0.014393281549240466
2022-11-07,0.009340226604126511,0.009565502905875434
2022-11-08,0.0052028736584250335,0.005395514357414699
2022-11-09,-0.015097271978934058,-0.020602101416018814
2022-11-10,0.0400938286777623,0.05495414575570434
2022-11-11,-0.0018772251478127889,0.00967856469761963
2022-11-14,-0.001855010059719897,-0.008506674661644564
2022-11-15,-0.0025375158817469877,0.00852899191131029
2022-11-16,-0.0010205895439045708,-0.0076289692332509595
2022-11-17,0.003209038652864471,-0.0030598111563742147
2022-11-18,0.00663761188769566,0.004540531016781646
2022-11-21,-0.0032868798991613547,-0.0036361780537770283
2022-11-22,0.011013629002047698,0.013457142306025904
2022-11-23,0.004759249223568507,0.006301430991105583
2022-11-25,0.003196306392012127,-0.00022362765217109892
2022-11-28,-0.011040248374602735,-0.015956866296472416
2022-11-29,-0.0003079039357691826,-0.0017177098021172732
2022-11-30,0.024622452053136158,0.031500678354029255
2022-12-01,-0.004265641605888548,-0.0007359646435745049
2022-12-02,-0.003828343088112529,-0.001153666836937739
2022-12-05,-0.018077427740946526,-0.017989098711495122
2022-12-06,-0.02056764009633456,-0.014414970171494401
2022-12-07,-0.0013119111571517795,-0.001701203258222428
2022-12-08,0.011865845191499403,0.007833990015994052
2022-12-09,-0.005497482286857513,-0.007470275031672302
2022-12-12,0.017652975948232008,0.014417185771387286
2022-12-13,0.009450913805355598,0.007569913118425253
2022-12-14,-0.009460680222004813,-0.006393570516715852
2022-12-15,-0.027270161590357354,-0.024461639510599098
2022-12-16,-0.010826532685519464,-0.011806066607231047
2022-12-19,-0.005667465099456958,-0.008479736483880784
2022-12-20,-0.00018514539817102716,0.001368538770518235
2022-12-21,0.01535304034921725,0.014952207595738454
2022-12-22,-0.01595378290043805,-0.014266081269806108
2022-12-23,0.00030878878859500467,0.005752312024736028
2022-12-27,-0.010584893530721695,-0.003943605157622043
2022-12-28,-0.006462732515389003,-0.012427781921874104
2022-12-29,0.014479355403795458,0.018000333502281807
2022-12-30,-0.0004552518812866002,-0.002634125760077821
2023-01-03,0.002809100486484961,-0.004210016352770296
2023-01-04,0.010190804675952736,0.007720260653989008
2023-01-05,-0.009013619804864115,-0.011413323263957609
2023-01-06,0.02040988322491417,0.022932094678675297
2023-01-09,-0.0023791975241189587,-0.0005668237640740204
2023-01-10,0.007908781519194552,0.007012820601210112
2023-01-11,0.007956951446575655,0.012647858214232865
2023-01-12,0.005181138705168153,0.003640804732539138
2023-01-13,0.01052332644714712,0.0038796486134453634
2023-01-17,-0.0012487720915843714,-0.0018320724354820017
2023-01-18,-0.013430984964431259,-0.01578807103247426
2023-01-19,-0.0018231839789184078,-0.007279805520572058
2023-01-20,0.016121174774693537,0.018629083584732697
2023-01-23,0.018221125111265023,0.011998703738251626
2023-01-24,-0.0036606077190358354,-0.0010733435820641235
2023-01-25,-0.002014691215057518,0.00037481709570053034
2023-01-26,0.011304771915055212,0.010990303333039853
2023-01-27,0.0068362217195011895,0.002297789599550626
2023-01-30,-0.017619023889711382,-0.012546839168310897
2023-01-31,0.014040619021547162,0.01470336743136924
2023-02-01,0.010182956529672372,0.010627674353747896
2023-02-02,0.02468742437854051,0.014556926565048478
2023-02-03,-0.0032918450555055267,-0.010629003787725466
2023-02-06,-0.0008243017042960487,-0.006111340485065675
2023-02-07,0.012766046473377812,0.013078559832082837
2023-02-08,-0.0038256606340477117,-0.010934767554053204
2023-02-09,-0.007052740227822552,-0.00866917436792669
2023-02-10,-0.00042523204966983253,0.0023336124253092727
2023-02-13,0.01168749052458391,0.011738807953757258
2023-02-14,0.004128760988992031,-0.00045989398996282294
2023-02-15,-0.00556271491614504,0.003247432041463272
2023-02-16,-0.01475647716868923,-0.013768945988476444
2023-02-17,0.0022164598416531843,-0.002498191072631606
2023-02-21,-0.013567195373548235,-0.020060907166597364
2023-02-22,-0.0032202202245415145,-0.0013780455236812594
2023-02-23,0.019306449732774754,0.005319378368793259
2023-02-24,-0.005156781283508239,-0.01068257651509641
2023-02-27,-0.0008957637105741489,0.003406185537203843
2023-02-28,-0.00651773023997001,-0.0036960504733638544
2023-03-01,-0.006282871589127969,-0.003836211013778512
2023-03-02,0.003265946652890106,0.007777533242682377
2023-03-03,0.020695423064316522,0.016037674246350164
2023-03-06,0.003922274391130132,0.0006928516876023583
2023-03-07,-0.015725484484294082,-0.015328833794363672
2023-03-08,-0.0030708832410473396,0.0016322650220976787
2023-03-09,-0.022860337727696432,-0.018450104406924184
2023-03-10,-0.010647296141795637,-0.014429123644497777
2023-03-13,-0.009981198362270783,-0.0014255222178456428
2023-03-14,0.022300020991878756,0.016530205709997636
2023-03-15,-0.005574998324667002,-0.006254247628093568
2023-03-16,0.014611790810604975,0.017545170944182953
2023-03-17,-0.02019671563589125,-0.011692772136848828
2023-03-20,0.011285291780772611,0.009615618402872839
2023-03-21,0.014025355446600473,0.013130670171035197
2023-03-22,-0.013321783621081561,-0.017046581986407627
2023-03-23,0.0035023415590651917,0.002703419017088038
2023-03-24,0.0001664342760646087,0.006561906420421204
2023-03-27,0.00731999920781311,0.0018699232205598992
2023-03-28,-0.0056274513530175764,-0.0022446787859378148
2023-03-29,0.011018207582665585,0.01453489560574206
2023-03-30,0.00226365112518776,0.005855224050304031
2023-03-31,0.01311264574458355,0.014094555542820686
2023-04-03,0.006296474271023156,0.003810529365423143
2023-04-04,-0.005898767482067824,-0.0055478981582709475
2023-04-05,0.0020299513406049075,-0.0026184708077714447
2023-04-06,0.006643154115084748,0.0039009441221538044
2023-04-10,-0.0007375858793719936,0.0010262790046660086
2023-04-11,-0.0030726630639874688,0.00026857815237124605
2023-04-12,-0.0016723019735907507,-0.004075966542398501
2023-04-13,0.012525333184272004,0.013282842315307297
2023-04-14,0.007137979901980474,-0.0024427274822564904
2023-04-17,0.003793844813419045,0.0035881798583228264
2023-04-18,-0.0011145683667199147,0.0006522019765251574
2023-04-19,0.0017992350030438197,-0.00016889695892063905
2023-04-20,-0.00584779961926789,-0.005457074394295658
2023-04-21,0.0012663420275227598,0.0007767320400735578
2023-04-24,-0.0010290516205852195,0.0010433275200578684
2023-04-25,-0.012696837107903458,-0.015873929601871395
2023-04-26,0.00164281221871454,-0.004235502862000362
2023-04-27,0.01842542848190538,0.01990797310248449
2023-04-28,0.007354217368022942,0.008535226263545415
2023-05-01,0.0023266698720798007,-0.0010098010324460782
2023-05-02,-0.013147903477880873,-0.011239171770321854
2023-05-03,-0.009335697275790311,-0.006864015639423737
2023-05-04,-0.012359353183248444,-0.007082992966750412
2023-05-05,0.02103984442498501,0.018512630235853145
2023-05-08,0.001666960493903491,0.0002664587053948786
2023-05-09,-0.005041102631124439,-0.00438537045027898
2023-05-10,0.00014263594297901915,0.004672402058715441
2023-05-11,-0.0043973787121194706,-0.0017439252782979198
2023-05-12,-0.0052860597265677375,-0.0013102866117302714
2023-05-15,0.007194998828621913,0.003450063419773608
2023-05-16,-0.002794031913568429,-0.006682674289061219
2023-05-17,0.014879083771277002,0.012138974616329179
2023-05-18,0.008745484291943061,0.00963318720862194
2023-05-19,-0.0047811587656541145,-0.001455046036869856
2023-05-22,0.005280041017608006,0.00040620356631881904
2023-05-23,-0.006344914779584243,-0.011222856294734629
2023-05-24,-0.007625685395394821,-0.007244914487416598
2023-05-25,0.03128753600935195,0.008659988343599156
2023-05-26,0.01291060016047868,0.012950730063640892
2023-05-30,-0.0021458632974743373,0.00038083948529288314
2023-05-31,-0.00787648688981708,-0.005545127883992973
2023-06-01,0.006889843996985478,0.009500987363462832
2023-06-02,0.01340042696039886,0.014461043468010137
2023-06-05,-0.0017322134872776672,-0.0019162512886728988
2023-06-06,0.0014478726508550866,0.002177732817451261
2023-06-07,-0.009607569527431515,-0.0034578782478038583
2023-06-08,0.006226120012389346,0.006048623030476374
2023-06-09,0.002505846997529182,0.0017943804506310723
2023-06-12,0.009292295521479765,0.009071648205797977
2023-06-13,0.007941522832987657,0.006592978728039434
2023-06-14,0.0014984879670143503,0.0011906343254342033
2023-06-15,0.010656118454453268,0.012397931888702196
2023-06-16,-0.0038549884973170024,-0.003406241865312798
2023-06-20,-0.0023932343904055297,-0.005188189603518523
2023-06-21,-0.009705073572329238,-0.005123751728731363
2023-06-22,0.0035067694985654652,0.003609659853666791
2023-06-23,-0.0064288040265946585,-0.00755989817256375
2023-06-26,-0.014780380533850368,-0.004085817855711826
2023-06-27,0.009815731372866099,0.010963184723031372
2023-06-28,-0.0017474123258043206,0.0005043909466642127
2023-06-29,0.005125617075164379,0.003941432105794673
2023-06-30,0.012891358733857572,0.011800736021607694
2023-07-03,-0.0012141175465862463,0.0011505509700779903
2023-07-05,0.0038381430050003274,-0.0014871911047332764
2023-07-06,-0.006974749690778992,-0.007830701245834848
2023-07-07,-0.0060951239243809295,-0.002524716269450722
2023-07-10,-0.002909190880925727,0.0025311065954520817
2023-07-11,0.0056400199485529216,0.006368491150018585
2023-07-12,0.010619247645904361,0.008046003933490864
2023-07-13,0.01181895931766389,0.007936799725654753
2023-07-14,0.0030195774841877076,-0.0006228317817943418
2023-07-17,0.002975485844307957,0.003472436371543486
2023-07-18,0.007396070451304515,0.007430474124603403
2023-07-19,0.0004847727652562028,0.0022237059604863774
2023-07-20,-0.006180660587419229,-0.006634521333556576
2023-07-21,-0.002552712936907897,0.0
2023-07-24,0.0028994535887230887,0.004467251614158174
2023-07-25,0.0010455236037517856,0.002730146888956231
2023-07-26,0.0035290331133992934,0.00015373233812465692
2023-07-27,0.0009551719501248113,-0.006630075300619875
2023-07-28,0.01552101590671474,0.00979038557616474
2023-07-31,-0.0015296304399892602,0.0019038819331818058
2023-08-01,-0.0010155521959885673,-0.0028615424390809885
2023-08-02,-0.009668003580794416,-0.013910705309914229
2023-08-03,7.499612750120344e-05,-0.002865735983920925
2023-08-04,-0.008559626212127436,-0.004522808505695752
2023-08-07,0.011853161978487736,0.008728478717818566
2023-08-08,-0.004596378076842156,-0.004348768194847197
2023-08-09,-0.007239667707356434,-0.006685102307102397
2023-08-10,5.522859907447497e-06,0.0003589458898993758
2023-08-11,0.0025281641545166988,-0.0005831486341709713
2023-08-14,0.00792276117851599,0.005520031818932791
2023-08-15,-0.009613598879969187,-0.011648935753912015
2023-08-16,-0.006214069493327867,-0.007338064767244523
2023-08-17,-0.008374954213709396,-0.007619840893680285
2023-08-18,-0.0014472103592575668,0.0004812229624389097
2023-08-21,0.003709515464378743,0.006506378149942371
2023-08-22,-0.006224362054596533,-0.0027086464678427458
2023-08-23,0.0113823678692763,0.011137747453819236
2023-08-24,-0.012433588754623004,-0.01385911797327155
2023-08-25,0.004665364298424279,0.007049763020322342
2023-08-28,0.0031167658148270492,0.006341454867125007
2023-08-29,0.011858370349283031,0.014454723615913823
2023-08-30,0.0020738822379505637,0.004118767841815529
2023-08-31,-0.007499997054189522,-0.001463383468117252
2023-09-01,0.0005520554943136524,0.001865287736787291
2023-09-05,0.0004954106745562292,-0.004322012818911203
2023-09-06,-0.010767523213593966,-0.006722470753282028
2023-09-07,-0.0003942015410320132,-0.003070201836031683
2023-09-08,0.000499824623926104,0.0015061625101477905
2023-09-11,0.005979661913731904,0.006576696639655211
2023-09-12,-0.005123725496224862,-0.005485706346428421
2023-09-13,0.005384044202823013,0.0011659464572846279
2023-09-14,0.0067321924850946456,0.00862239951531385
2023-09-15,-0.012993976352413294,-0.012048157270290072
2023-09-18,0.006220027932708083,0.0005863452081316112
2023-09-19,-0.0019575172776434835,-0.0020738225764269647
2023-09-20,-0.010444274778290496,-0.009193322553776362
2023-09-21,-0.009957370409003918,-0.016528381058885322
2023-09-22,0.00035623319598312444,-0.002248489469474535
2023-09-25,0.005310684622280825,0.004205083303250978
2023-09-26,-0.012162397734185214,-0.014691380344953986
2023-09-27,0.00024463045447017386,0.0003993602547389674
2023-09-28,0.008057843421006794,0.005797353775884195
2023-09-29,-0.006828411100948661,-0.002426878805062538
2023-10-02,0.012051170993551163,-0.00039771812906030934
2023-10-03,-0.012858750589627276,-0.013386108441205136
2023-10-04,0.009612429465997519,0.007282019969861997
2023-10-05,0.0061335180547561485,-0.0003767825160456706
2023-10-06,0.016159504684489522,0.01187275199782234
2023-10-09,0.003107221518005532,0.006402312473104077
2023-10-10,0.0013567264217558272,0.005204938679464144
2023-10-11,0.0062922802337398885,0.0040961638477132745
2023-10-12,-0.001091762312034683,-0.006096522585715913
2023-10-13,-0.004052882900141696,-0.004980709307660147
2023-10-16,0.007352654619643606,0.010521455530035473
2023-10-17,-0.005286701713087727,-4.599498488588871e-05
2023-10-18,-0.015720617261562608,-0.013325150615231096
2023-10-19,-0.006129906714805122,-0.008786341322187141
2023-10-20,-0.007443400471772821,-0.012288076620788124
2023-10-23,0.003535101240343863,-0.001733036699802959
2023-10-24,0.005160466673907749,0.007539262075901165
2023-10-25,-0.014079659908324304,-0.01435224950284919
2023-10-26,-0.018360438467769802,-0.01197453397326409
2023-10-27,-0.005409349541322206,-0.0045327672042380085
2023-10-30,0.01380817987947166,0.01195574009533984
2023-10-31,0.0028503184883264645,0.006280318147027675
2023-11-01,0.013852275124414882,0.010664768057838891
2023-11-02,0.016355552295667708,0.019164332912581017
2023-11-03,0.015525994784916109,0.009123398564820473
2023-11-06,0.00396813674271439,0.0023003729342003787
2023-11-07,0.0032581150058957563,0.002846031392628179
2023-11-08,0.0018550860489855991,0.0007324032446240913
2023-11-09,-0.0060656580173883866,-0.007798663067815403
2023-11-10,0.01509949804143429,0.01560474906888576
2023-11-13,-0.00013723570551626985,-0.0009532327165474586
2023-11-14,0.017914905163155935,0.019400772926736254
2023-11-15,0.0007498532201462016,0.0021170485874333345
2023-11-16,0.00704739392384277,0.0012231699046711952
2023-11-17,-0.00029624105726338,0.0012439133003339098
2023-11-20,0.006978771889569557,0.0076973310182695265
2023-11-21,-0.002575755656939671,-0.0021792304409701257
2023-11-22,0.00366543830024012,0.003860706707777384
2023-11-24,-0.0017132882850933618,0.0006154785911705041
2023-11-27,-0.002689315057894903,-0.001800974105430564
2023-11-28,0.0013739355606485538,0.0009900229435098051
2023-11-29,-0.00023055352524588014,-0.0007032861776791188
2023-11-30,0.0019408215595341227,0.003937351428214386
2023-12-01,-0.00460400325382081,0.005915838852097233
2023-12-04,-0.006302125411956394,-0.0052493677716182185
2023-12-05,0.0008269572159506411,-0.00019710157956331908
2023-12-06,-0.006725406763877462,-0.004029691183885187
2023-12-07,0.012503214248322746,0.007630342804636259
2023-12-08,0.007956651511468038,0.004299193823001701
2023-12-11,-0.007151052194809571,0.0038897302023472857
2023-12-12,0.007337677110449447,0.004567061140623885
2023-12-13,0.0035018302585883344,0.013790176970828405
2023-12-14,0.004743757262178227,0.003209416053705061
2023-12-15,0.0034954960201958986,-0.00164656668001395
2023-12-18,0.008160448475676419,0.005624998162638617
2023-12-19,0.00890816144950759,0.0060810005457334615
2023-12-20,-0.011324671608519776,-0.013857314546095845
2023-12-21,0.011712777623911874,0.009481889566151258
2023-12-22,0.0011431504107304313,0.0020096736315229347
2023-12-26,0.0037633023730080373,0.004222475885611088
2023-12-27,0.002594193493538599,0.001808135747239925
2023-12-28,0.003325108433952617,0.0003777287695538867
2023-12-29,-0.0020223671193327687,-0.0028949148158422533
2024-01-02,0.0007010714835211651,-0.005596450835512523
2024-01-03,-0.0056286691950211635,-0.00816652779796656
2024-01-04,-0.003150049808181754,-0.0032212262064413855
2024-01-05,0.004746624604102712,0.001369705819588951
2024-01-08,0.00870218537242302,0.01427595793662717
2024-01-09,-0.004229118143160127,-0.0015171938171328891
2024-01-10,0.004514133855125613,0.005655490895577486
2024-01-11,-0.005247792110819727,-0.0004406592768121387
2024-01-12,-0.00264066457757457,0.0006927792573832026
2024-01-16,-0.010678047384817424,-0.003671214241216858
2024-01-17,-0.004881644486552828,-0.005558672684831678
2024-01-18,0.0053643570895034465,0.008892799076214875
2024-01-19,0.011330919843209141,0.012466165038470978
2024-01-22,0.004298865729617474,0.002114348633203589
2024-01-23,0.003651081504407494,0.002916443353095266
2024-01-24,0.004461403255176688,0.0010931698517426813
2024-01-25,0.00032923944872474963,0.0054388848677418
2024-01-26,-0.000566635678278704,-0.0012704111025140241
2024-01-29,0.0053978874619776355,0.007919481688201113
2024-01-30,0.0015849374577447729,-0.000773483173836742
2024-01-31,-0.017272503199241007,-0.016317299229610227
2024-02-01,0.010913612614011248,0.01308799036211683
2024-02-02,0.029746365991257528,0.010527488470606361
2024-02-05,-0.003458711526403224,-0.00364122734048955
2024-02-06,0.0007626512014807574,0.0029032424410841973
2024-02-07,0.011468645137670508,0.008340457276874158
2024-02-08,-0.004009937733499858,0.00044168560219515207
2024-02-09,0.0036914643854000784,0.005779461852153833
2024-02-12,0.0033411015614774886,-0.00043901625073361483
2024-02-13,-0.014057516288375593,-0.013772963023190532
2024-02-14,0.009718858779486316,0.009087607114390162
2024-02-15,0.011882761386828967,0.006899674337534911
2024-02-16,-0.0019470363940146894,-0.004979857636436491
2024-02-20,-0.00883140172253144,-0.005505359247321762
2024-02-21,-0.0019745116174804457,0.0009057642244403308
2024-02-22,0.028913002846975566,0.020695474709609307
2024-02-23,0.0028460806098329905,0.0006896776717688624
2024-02-26,-0.0031648880077068896,-0.0036624294080084274
2024-02-27,0.0024800405061949694,0.0018576222843778023
2024-02-28,-0.00036154559161929447,-0.0013215850310840382
2024-02-29,0.0020876594347750245,0.0035948352255696925
2024-03-01,0.006172609774072457,0.009388338495897042
2024-03-04,-0.006399618799400442,-0.001072394746922778
2024-03-05,-0.004208270273642112,-0.009994218190529924
2024-03-06,0.010294520676835072,0.005067278275739273
2024-03-07,0.005466615888575133,0.009926473867542196
2024-03-08,-0.005491312078977073,-0.006002256983116405
2024-03-11,0.0014777720862017563,-0.0008598592960857854
2024-03-12,0.012721105156349754,0.010757429798630591
2024-03-13,-0.0013786779856971964,-0.001567445672765011
2024-03-14,-0.005900321734562297,-0.0019769687095626542
2024-03-15,-0.003507699814455989,-0.0068664788611635386
2024-03-18,0.003939853776890034,0.005943151203128272
2024-03-19,0.007029188382075091,0.005557011313033655
2024-03-20,0.008323481670024247,0.009249337315401451
2024-03-21,0.0035030380600760136,0.0033045885798930197
2024-03-22,-0.0020217853127167283,-0.0018954917419440331
2024-03-25,-0.0028379589219857506,-0.0027629309631316268
2024-03-26,-0.0016537693139998422,-0.0018469169345665115
2024-03-27,0.009281264507249675,0.0084036595755963
2024-03-28,-0.00027638614234941626,-0.00019102612217991588
2024-04-01,-0.0030425910576236115,-0.0017398830340576987
2024-04-02,-0.00330583975582196,-0.006358082478044702
2024-04-03,-0.0002876423523182625,0.001098664864619403
2024-04-04,-0.016707176046258952,-0.012206140799883136
2024-04-05,0.012233921198456477,0.010446820903633913
2024-04-08,-0.0007799859605420623,0.0005593844106313028
2024-04-09,-0.001233902936411846,0.0011567727492665103
2024-04-10,-0.008317905374921108,-0.010013138082778927
2024-04-11,-0.001981655051342257,0.007546805908249521
2024-04-12,-0.02036151541329695,-0.013803045475990983
2024-04-15,-0.0040748828575104205,-0.012528040019038289
2024-04-16,-0.0017607821753565234,-0.0018238727165881263
2024-04-17,0.00016637914221004913,-0.005918240509064643
2024-04-18,0.002300859434696656,-0.0020577892161852684
2024-04-19,-0.007964493135664562,-0.008728248530293414
2024-04-22,0.016589802052783553,0.009209144396545632
2024-04-23,0.016418347123527622,0.01186667150429943
2024-04-24,-0.003861341700171639,-0.0004746691256976021
2024-04-25,-0.009627051282732113,-0.003798970793799983
2024-04-26,0.005915443723414115,0.009473886091963868
2024-04-29,-0.004859228174622521,0.0035415529730082884
2024-04-30,-0.011074088011057392,-0.015841338037677177
2024-05-01,0.00014792019989573468,-0.003247089081350074
2024-05-02,0.007581774829080246,0.009353469116733182
2024-05-03,0.01241677306638853,0.012395358550856939
2024-05-06,0.012860071333221524,0.010326732880901357
2024-05-07,0.003130844129732957,0.0011034927982798148
2024-05-08,0.0002905441441736878,9.653608342885533e-05
2024-05-09,0.006990948501952632,0.005761928610811262
2024-05-10,0.0024205077778071903,0.0012881639219990415
2024-05-13,-0.0019746291052771146,0.00013420242407025107
2024-05-14,0.007026210387207454,0.004588254878857834
2024-05-15,0.0164222142399564,0.012383027069566177
2024-05-16,-0.0021385107593440257,-0.002057426680129537
2024-05-17,0.0027750047160961856,0.0014373970141403625
2024-05-20,-0.004328969011786088,0.001152163929652561
2024-05-21,0.006933113087123311,0.0024525339784411404
2024-05-22,-0.004852535410780423,-0.0028794101115630077
2024-05-23,0.0007102510796488492,-0.007304155494412545
2024-05-24,0.008823706149597233,0.006616391238277064
2024-05-28,0.002297823283341871,0.0006989635288412455
2024-05-29,-0.005618437173740299,-0.007002572050697098
2024-05-30,-0.012122824416440248,-0.0066337636489669505
2024-05-31,0.010671415698696595,0.009108137100940938
2024-06-03,0.007370733118354145,0.0008151609504236657
2024-06-04,0.0009614098282607064,0.001118097327416967
2024-06-05,0.01563037154975159,0.011885166809659786
2024-06-06,0.0007440491009063188,-1.8826212542566445e-05
2024-06-07,0.00027239265395822,-0.0012155413895058587
2024-06-10,0.0036891764851539888,0.0030897925971888895
2024-06-11,-0.006776454549815425,0.0024081026725715216
2024-06-12,0.005400236120094337,0.008213080638207026
2024-06-13,0.000622696377505938,0.0020135328811594633
2024-06-14,0.004562151683027815,0.0006083206695906007
2024-06-17,0.004243005702425029,0.00795911087131973
2024-06-18,0.00621882030580444,0.002540704931627946
2024-06-20,6.177088725001223e-05,-0.00271664481541789
2024-06-21,-0.00747036076318075,-0.0013407061120768171
2024-06-24,0.0028256525819641996,-0.0032506271036742973
2024-06-25,0.009029089755814923,0.0038509636422781046
2024-06-26,-0.002458733779808586,0.001248037323762441
2024-06-27,-0.0040118384197057825,0.0015764091777425993
2024-06-28,-0.003731476208065998,-0.003935219271476331
2024-07-01,0.013274240191675602,0.002058232379863467
2024-07-02,0.009810526615784954,0.006729625367541514
2024-07-03,0.007073215197876936,0.004462745693646131
2024-07-05,0.006327369874117561,0.005766470326189266
2024-07-08,-0.0002703912353582916,0.0011539402339857396
2024-07-09,0.008062501274563483,0.000972367545504893
2024-07-10,0.010121679200304334,0.009895418424408886
2024-07-11,-0.016373331730695006,-0.00862272348431481
2024-07-12,-0.0013815810033731002,0.00630765672971445
2024-07-15,0.009323517909510104,0.0027500089307683773
2024-07-16,0.005347616659686661,0.00593008157149999
2024-07-17,-0.014748462639767913,-0.014020955362313514
2024-07-18,-0.010850483361897301,-0.007684924259649506
2024-07-19,-0.007691674745618349,-0.006640716928150603
2024-07-22,0.010882488544464053,0.010309925512624218
2024-07-23,0.0017388194920748834,-0.001568409167491458
2024-07-24,-0.03185616178697133,-0.022662590807124183
2024-07-25,-0.008206953025851515,-0.00521027699214216
2024-07-26,0.011134094447294175,0.011199594791787337
2024-07-29,-0.003438994641875981,0.000587779587347903
2024-07-30,-0.0008012690028416757,-0.005066463587138137
2024-07-31,0.014128409936792274,0.01625458557234216
2024-08-01,-0.014102316318132713,-0.014160914265491042
2024-08-02,-0.022255478539586572,-0.018618386879309612
2024-08-05,-0.034877925253931685,-0.029123700429442123
2024-08-06,0.008188238941428384,0.009219705796920552
2024-08-07,-0.003767462351800066,-0.0066841739732798056
2024-08-08,0.020691279942542495,0.023117434674506
2024-08-09,0.0019334515490580738,0.004409517803309226
2024-08-12,0.0038377007326781064,0.000525341194080875
2024-08-13,0.017850535452216064,0.01644565930001418
2024-08-14,0.007753370591143283,0.0031548367188043436
2024-08-15,0.008050201868936912,0.01714013072027254
2024-08-16,0.0053016132837435,0.0022422047636962983
2024-08-19,0.011964790336430154,0.009561144985421599
2024-08-20,-0.006540069687593841,-0.0016260028604554444
2024-08-21,0.0002635769219465955,0.003436664536923706
2024-08-22,-0.004255272328150495,-0.007848688368854329
2024-08-23,0.014501455402925223,0.01062542267524691
2024-08-26,-0.00041299367370096763,-0.002383780184026185
2024-08-27,-0.000669563727245781,0.0013732097959411327
2024-08-28,-0.0036361744142249354,-0.005805249638718646
2024-08-29,-0.0025841168629968437,8.941058333311602e-05
2024-08-30,0.007139316075578106,0.009545986638498372
2024-09-03,-0.026148850843951788,-0.020578996194471677
2024-09-04,-0.0025848029291416163,-0.002046876901344641
2024-09-05,-0.00181184414948663,-0.0024321523711449133
2024-09-06,-0.01941707166911305,-0.016830046442845803
2024-09-09,0.008543451435449179,0.011196200027240755
2024-09-10,-0.008260090430864541,0.0043556714229291416
2024-09-11,0.007904319934779325,0.010258947550831232
2024-09-12,0.003587749554562936,0.00842317294279371
2024-09-13,0.00453293655334005,0.005222850617956354
2024-09-16,0.0034369358235001313,0.001476791049923154
2024-09-17,-0.001170117950783589,0.0004086798235511946
2024-09-18,-0.0006690976483704536,-0.0029658410855042394
2024-09-19,0.017670303185510782,0.017064602048706856
2024-09-20,-0.0019949674220315792,-0.001728744783286995
2024-09-23,-0.004034505645816255,0.0024987153275095597
2024-09-24,0.0034479009630313364,0.0028613326812920725
2024-09-25,-0.002700725316721886,-0.0022053441996479073
2024-09-26,0.004227893127178672,0.003964638683935373
2024-09-27,0.0018924245271793815,-0.0014504715688140601
2024-09-30,0.005556556914658594,0.0040074467342587905
2024-10-01,-0.008779847112351191,-0.008958539952465538
2024-10-02,0.0011097910201209426,0.00042208177110447664
2024-10-03,0.002286653143939721,-0.0018281765263400418
2024-10-04,0.009097185336823443,0.009087160079475964
2024-10-07,-0.008341573269313307,-0.009040133674096729
2024-10-08,0.00910255141202707,0.009457429857650634
2024-10-09,0.006553989849454711,0.006926352963365634
2024-10-10,-0.00033874487213974013,-0.0017500612795954273
2024-10-11,0.006489012106394143,0.005988375879907748
2024-10-14,0.010848977134274573,0.008178235187614735
2024-10-15,-0.012705095951640632,-0.007769521491596709
2024-10-16,0.009834994457013847,0.004346389683625551
2024-10-17,-0.002157526304225921,8.56767013679427e-05
2024-10-18,0.005018915546512537,0.0038465863373264852
2024-10-21,-0.0015234898533257324,-0.0016423111557383185
2024-10-22,0.005001589673961637,-0.0005310922637880022
2024-10-23,-0.010380174593708569,-0.009137319028861723
2024-10-24,0.0023533478680245355,0.0021626194363795204
2024-10-25,-0.0016707257115927798,-0.00034526812660351514
2024-10-28,0.007118053249010459,0.003091318963473144
2024-10-29,0.0049528187636561525,0.0016183928150632632
2024-10-30,0.005521003213062281,-0.00302512486502704
2024-10-31,-0.020302731071551006,-0.019603165693758418
2024-11-01,0.0019754234615362853,0.004220559958140857
2024-11-04,-0.00796636702409037,-0.002153906679928652
2024-11-05,0.013549155690492354,0.012091599011667675
2024-11-06,0.056925409137751556,0.02486580382073167
2024-11-07,-0.001012325178237672,0.007732060087975334
2024-11-08,0.0005028082063047834,0.004331846477725332
2024-11-11,-0.005929614133095828,0.0009527220139335935
2024-11-12,-0.0020754345482433046,-0.0031064475544430037
2024-11-13,-0.0025451687323339357,0.0004857695137632234
2024-11-14,-0.0022753895408170522,-0.006430017819199607
2024-11-15,-0.007368618761461332,-0.012808500844685655
2024-11-18,0.002013612637682094,0.004097275204330675
2024-11-19,0.004168682003548707,0.0036554827170298676
2024-11-20,-0.003599837171163589,0.00033879905995104487
2024-11-21,0.005797513831331702,0.005368341023434864
2024-11-22,0.0016126004134487503,0.003099278746608425
2024-11-25,0.002107250191555543,0.0033921526241242894
2024-11-26,0.004864965676409072,0.0052214809175450405
2024-11-27,-1.3176510029855315e-06,-0.003030059798531104
2024-11-29,0.004195778710477216,0.006212168654423644
2024-12-02,-0.004144143541812906,0.0017923615680890403
2024-12-03,0.00040952889061515176,0.00046367958207294
2024-12-04,-0.002141301365157222,0.006209500851108496
2024-12-05,-0.001382794993199965,-0.0016454982831360931
2024-12-06,-0.00632595415948638,0.0018956365539355424
2024-12-09,-0.004134584574201583,-0.005149626292031972
2024-12-10,-0.007000497139430617,-0.0031091188730399955
2024-12-11,-0.0015901654241002317,0.0077306637810579115
2024-12-12,-0.003911894781404001,-0.005152593115945736
2024-12-13,-0.0032421599294372603,-0.00019862181953211877
2024-12-16,-0.006429770395739709,0.004270086382694771
2024-12-17,-0.0043233287757478145,-0.004120154939941889
2024-12-18,-0.022382647171592072,-0.029803473706515593
2024-12-19,0.003040614049880974,-0.00030721126247723607
2024-12-20,0.01740901554494314,0.012011104133690553
2024-12-23,0.009373789114566544,0.005988219017835306
2024-12-24,0.010520634967010944,0.011115066605539958
2024-12-26,0.0023888760570203948,6.662663576362249e-05
2024-12-27,-0.008315746991442085,-0.010526513060112985
2024-12-30,-0.007797594876551306,-0.011411712672685148
2024-12-31,-0.0011360032769664908,-0.0036379457138790983
2025-01-02,-0.000544526079321861,-0.0024571493834200098
2025-01-03,0.007944882537659482,0.012503473922702568
2025-01-06,0.008762422489620525,0.005760562085250331
2025-01-07,-0.004096089952045312,-0.011303912541585137
2025-01-08,-0.00044359792876194073,0.0014609389751862878
2025-01-10,-0.015556031658238389,-0.015267481874933542
2025-01-13,0.006290202408519708,0.0015505471876331445
2025-01-14,-0.0009348926157388138,0.0013759292368293874
2025-01-15,0.021985685620663976,0.018189978739041157
2025-01-16,-0.004130145389310535,-0.0019231741492636845
2025-01-17,0.004740163932485941,0.010039953635990084
2025-01-21,0.00408090443559902,0.009153480738035569
2025-01-22,-0.003080562620336602,0.0056214680360890945
2025-01-23,0.010613734736070423,0.0054580220365023635
2025-01-24,0.0014471991793246319,-0.002919177000467954
2025-01-27,0.009618754175090016,-0.014145367696859479
2025-01-28,0.008354718281513695,0.008592344588856049
2025-01-29,0.001405847492408696,-0.004482919611252245
2025-01-30,0.01084645996125413,0.005367078407106485
2025-01-31,0.002606240619631439,-0.005321949711351581
2025-02-03,0.0016964035880961625,-0.006729649028744955
2025-02-04,0.002980395103707345,0.0067084311270706465
2025-02-05,0.0013061068610227711,0.004054603016241831
2025-02-06,0.004365363953025081,0.003475613674087885
2025-02-07,-0.007142566441122211,-0.009153582388062631
2025-02-10,-0.0024853802179451876,0.006791089057172517
2025-02-11,0.0007025721094405357,0.0007605320222985323
2025-02-12,-0.0020680989471439704,-0.0032213909113014694
2025-02-13,0.004982393116752493,0.010557465543251876
2025-02-14,0.002726676866456346,-4.92537148217842e-05
2025-02-18,-0.0018720093000402338,0.002935970672995225
2025-02-19,0.0005646303951625908,0.0023549433000009667
2025-02-20,-0.017235759939822414,-0.004160364041450926
2025-02-21,-0.01647032919288154,-0.017104082781476126
2025-02-24,-0.003930873887985731,-0.004550479994154144
2025-02-25,-0.005558851248258756,-0.004973053296503771
2025-02-26,-0.000554053333438953,0.0005046465936875411
2025-02-27,-0.004887895727103219,-0.01596193074154484
2025-02-28,0.02110921950119815,0.015605715974889689
2025-03-03,-0.021741398627667517,-0.017519976873326182
2025-03-04,-0.0211008425388739,-0.011836893452684794
2025-03-05,0.010508876210373386,0.010747808210532117
2025-03-06,-0.02256360214644252,-0.01775099668021063
2025-03-07,0.0022808120707717315,0.0056047542726263
2025-03-10,-0.0360985015614688,-0.026635448353614644
2025-03-11,-0.002697163300642058,-0.008313067974960453
2025-03-12,0.011826944256915873,0.00530655307288197
2025-03-13,-0.014713574590225032,-0.013330418660348009
2025-03-14,0.02512691140365797,0.02065582868057092
2025-03-17,0.007389355213940241,0.007711215109664327
2025-03-18,-0.0074668908959999005,-0.010808446655089399
2025-03-19,0.010350106637919743,0.010890785314426
2025-03-20,0.003963978826923431,-0.00289169312699622
2025-03-21,0.002050186624411543,0.00032992028806111406
2025-03-24,0.021329428550307526,0.017908555198050014
2025-03-25,0.0016906255577213702,0.0024038818271738815
2025-03-26,-0.016183060388726956,-0.011938232984461727
2025-03-27,-0.010253023854680188,-0.002655751809027329
2025-03-28,-0.02252993217502166,-0.02013839279979468
2025-03-31,0.008650955260535442,0.006712883545730408
2025-04-01,-0.00686318082016113,0.002824468752555598
2025-04-02,0.0061781233822125635,0.00632832407041195
2025-04-03,-0.05184250360120331,-0.049280806450378245
2025-04-04,-0.0638932770941936,-0.05854295896778716
2025-04-07,0.00443983232965145,-0.0017811321197329644
2025-04-08,-0.01723096430037908,-0.015662774916941125
2025-04-09,0.09018738878233903,0.1050192812545172
2025-04-10,-0.034370933677185245,-0.04381899412347667
2025-04-11,0.022838320464939145,0.01784258783073711
2025-04-14,0.009943229415760691,0.009701669248105338
2025-04-15,0.0014523791367894833,-0.0028009238239182777
2025-04-16,-0.025956600199007585,-0.02222803272207108
2025-04-17,0.001096537646033391,0.0014268092873082061
2025-04-21,-0.02121400039896626,-0.02380270230206527
2025-04-22,0.026865948267278707,0.026017758916625056
2025-04-23,0.017312873952783935,0.015495355748962103
2025-04-24,0.020061076679843172,0.021049019601060648
2025-04-25,0.010552318001921357,0.0072253777163768795
2025-04-28,0.001855069212206717,0.00038118993595781525
2025-04-29,0.004820452136152675,0.006299453156047408
2025-04-30,0.0012682307889019361,0.000396812712974981
2025-05-01,0.004448637831256375,0.007087027044478056
2025-05-02,0.011034771654982057,0.014844129127253636
2025-05-05,-0.0073669454945317295,-0.00573418554043692
2025-05-06,-0.01847259900833319,-0.008358538991013353
2025-05-07,-0.005206210953610268,0.004205658327270934
2025-05-08,0.004753257422723411,0.006967679730965237
2025-05-09,-0.006502765714231607,-0.0012741154091596707
2025-05-12,0.03269855706384968,0.03304739833427317
2025-05-13,-0.0054721343670259825,0.006603940317170043
2025-05-14,-0.008253649719826239,0.0012779543304903829
2025-05-15,0.010867026663302793,0.004884342398821628
2025-05-16,0.00797436631715832,0.006334078244299102
2025-05-19,0.002689685264984365,0.0010938140906693317
2025-05-20,-1.6197766704206807e-05,-0.003362128049795521
2025-05-21,-0.012235759739281237,-0.01685079340484308
2025-05-22,0.003237212226764019,0.0003945411602814808
2025-05-23,-0.0051363331323886485,-0.006825781740996795
2025-05-27,0.01655347180948503,0.0207906699378142
2025-05-28,-0.008275630292402613,-0.005785415081261958
2025-05-29,0.0038548659257254593,0.003947487834330188
2025-05-30,0.0027191923020018494,-0.0011185613277848727
2025-06-02,0.00453175200386442,0.005632901726823958
2025-06-03,0.003133003046991856,0.0057025903821517065
2025-06-04,0.00265088761182809,-0.0002683402981673577
2025-06-05,-0.0006059918708646861,-0.004832872149647116
2025-06-06,0.014180753324937557,0.010268979858962801
2025-06-09,0.0009044269159289908,0.0009012828881442836
2025-06-10,0.006647604085352088,0.005669767615193333
2025-06-11,-0.0007543906588945882,-0.0028520166647609813
2025-06-12,0.0026076974270531463,0.003974226097154476
2025-06-13,-0.014680632611288292,-0.011179962144145295
2025-06-16,0.011350802565383145,0.009514092086442716
2025-06-17,-0.006995745152216848,-0.0085450325365789
2025-06-18,-0.0010360599465880638,-0.00015073907087492788
2025-06-20,-0.006521214875663284,-0.002348432728309091
2025-06-23,0.009141417605466185,0.009877272330390152
2025-06-24,0.01439415735976115,0.011047312688599487
2025-06-25,0.007361090002255677,0.0005602631887811071
2025-06-26,0.011979780596422584,0.007823983437742932
2025-06-27,0.0032285085003998294,0.0049683312642012645
2025-06-30,0.0075060796159093,0.004781105489127135
2025-07-01,0.002026265509039671,-0.0003235797161743603
2025-07-02,-0.00036928396373467896,0.0045332765158159205
2025-07-03,0.009396306775719366,0.007881485161686852
2025-07-07,-0.007620853569022978,-0.007452114780816754
2025-07-08,-0.007709733497530802,-0.0005477162177452977
2025-07-09,0.004202203379478487,0.005996626767211355
2025-07-10,0.0037891306520725252,0.002820211585405019
2025-07-11,-0.0038003189110349944,-0.0035153258608029425
2025-07-14,0.003171703676855686,0.0019082159291465839
2025-07-15,-0.007724102091657492,-0.004273265144196681
2025-07-16,0.005702684228092359,0.0033431911185151097
2025-07-17,0.0032628815150462674,0.006119689977517551
2025-07-18,-0.0005075201405814855,-0.0007324129021104575
2025-07-21,0.0010630598882287346,0.001896175165666536
2025-07-22,-0.0014569102046190884,0.0001431211632245688
2025-07-23,0.014463902339200984,0.00850744324203112
2025-07-24,-0.0010833618570660008,0.00033114960935609616
2025-07-25,0.003676244183760213,0.004224252618048929
2025-07-28,-0.0005800075326702015,-0.0002510035553040524
2025-07-29,-0.00978851676055903,-0.0026376486020820433
2025-07-30,0.0045646929676790736,-0.001259331011043141
2025-07-31,-9.316976356148477e-05,-0.0037512265266995692
2025-08-01,-0.021746334622387585,-0.016390369519761472
2025-08-04,0.02207935185912575,0.01519971367995021
2025-08-05,-0.003266110809403111,-0.005069869050569054
2025-08-06,0.0006126179205742987,0.007659679494191662
2025-08-07,-0.004599305863712877,-0.0008376239960258269
2025-08-08,0.013240673082284871,0.007797572699558275
2025-08-11,0.0006267221443077897,-0.001977539647394999
2025-08-12,0.019163325049817638,0.010646017662282237
2025-08-13,-0.00040809590862787013,0.003423147456803166
2025-08-14,0.004493065463877921,9.306090191762983e-05
2025-08-15,0.004962245463256331,-0.002341289856780615
2025-08-18,0.0016388393755174314,-0.00021753577502092725
2025-08-19,-0.010200205020069297,-0.0054252252305696524
2025-08-20,-0.0023662043924879473,-0.0026570836306466505
2025-08-21,-0.0014097173468214485,-0.004011822287558586
2025-08-22,0.01970367115868805,0.0153567897013831
2025-08-25,-0.001039598734869318,-0.004401062092461827
2025-08-26,0.0026490971086880364,0.004187036349890816
2025-08-27,0.002301861466639765,0.0022785132820093423
2025-08-28,0.00256648015832297,0.003541457922389135
2025-08-29,-0.0014513046016393916,-0.00596377589262187
2025-09-02,-0.007540257693961283,-0.007410295555874247
2025-09-03,0.007988580486316598,0.0054195597134076845
2025-09-04,0.011066420642761799,0.008357551677008246
2025-09-05,-0.009991549883138917,-0.002896432414554062
2025-09-08,0.002206731192879874,0.0024568274439626947
2025-09-09,0.022295712305192804,0.002311730524016564
2025-09-10,0.003842219574196626,0.0028908542790047065
2025-09-11,0.01031393990240077,0.008310170355944058
2025-09-12,0.001841426999091156,-0.0003346129431468503
2025-09-15,0.006731972697348943,0.00532404605028769
2025-09-16,-0.004464813982149274,-0.0013768857905647192
2025-09-17,0.0018775762329951151,-0.0012424352925486382
2025-09-18,0.00539684698716919,0.004672445142330339
2025-09-19,0.005891804666735246,0.004952874775332017
2025-09-22,0.00013846953038889608,0.004731007968096224
2025-09-23,-0.0024255103595024253,-0.0054434748398075605
2025-09-24,-0.0037867737194260177,-0.003181633452613686
2025-09-25,-0.002212165066892069,-0.0046134974884720625
2025-09-26,0.004688910304235472,0.005729144366994232
2025-09-29,0.004134972107399204,0.0028103664411398555
2025-09-30,-0.0002206249259093518,0.0037668667591119753
2025-10-01,0.002246563124790724,0.0034075694259330103
2025-10-02,-0.0030254562656552688,0.001151711603039951
2025-10-03,0.005635336736126428,-1.4767362221612679e-05
2025-10-06,-0.0013851754458578448,0.003586228910336109
2025-10-07,-0.0022344682410798235,-0.003707492250961897
2025-10-08,-0.00013981633106867618,0.005963052412792269
2025-10-09,0.00013644044207751228,-0.0028970083792374535
2025-10-10,-0.022880774151405936,-0.02702782789908964
2025-10-13,0.016048008590230024,0.015344074693208754
2025-10-14,-0.0053012518699624535,-0.0012216548034567065
2025-10-15,0.011938346504377806,0.004439615866679292
2025-10-16,-0.008698680387446988,-0.006810260525524803
2025-10-17,0.004734103248702604,0.005676300358907982
2025-10-20,0.015310120052763453,0.010400475399621634
2025-10-21,-0.008978821739494802,-1.4995920012528252e-05
2025-10-22,-0.007729419987089337,-0.005198815962920711
2025-10-23,0.004333353314877175,0.005929891190499692
2025-10-24,0.016413827827502104,0.008172571104630766
2025-10-27,0.013797821688266609,0.011797712023148943
2025-10-28,0.0027994850737943057,0.002655998956591077
2025-10-29,-0.0011005663289400335,0.0004802976988058649
2025-10-30,0.004655027816803647,-0.010998144919191377
2025-10-31,-0.005679940266926952,0.0032802806107155025
2025-11-03,-0.006522846640821778,0.0018766870879645126
2025-11-04,-0.006925056877580327,-0.011853539942447533
2025-11-05,0.0034611804103338085,0.003465389196996238
2025-11-06,-0.005787646495008314,-0.010729333212666003
2025-11-07,-0.0030067256402193875,0.0009845075813768034
2025-11-10,0.013849211777399405,0.015604434791510524
2025-11-11,0.012368902112677105,0.0022891497024457585
2025-11-12,0.009103741877477867,0.0005563986064420767
2025-11-13,-0.016065153928857368,-0.016594021470737852
2025-11-14,-0.008638373120673259,-0.00016358609958400105
2025-11-17,-0.0025776021964875272,-0.009316523930962162
2025-11-18,-0.004552102833087856,-0.00839746055820656
2025-11-19,0.004741840454570656,0.003863199783587179
2025-11-20,-0.010879987466495756,-0.015242336682765423
2025-11-21,0.01402305459328108,0.009961222976632822
2025-11-24,0.013929620119418607,0.014718507062180475
2025-11-25,0.011787945041473758,0.00940589965210692
2025-11-26,0.002986952048623781,0.006903575013019525
2025-11-28,0.003836548907556325,0.005458406338614941
2025-12-01,-0.007828416487683542,-0.004565415602551193
2025-12-02,0.0029389417264750416,0.0018522092741120044
2025-12-03,0.007921596240706551,0.0034627677932603795
2025-12-04,0.003184138270281933,0.0007310561539983773
2025-12-05,0.002502277286272725,0.0018995368427094927
2025-12-08,-0.0013146475682803249,-0.0030042775146746914
2025-12-09,-0.006917467828746559,-0.0008631449669616043
2025-12-10,0.010064967279089686,0.00663226800901473
2025-12-11,0.005256396865669033,0.002326948130527251
2025-12-12,-0.005583096557632605,-0.010752057995096265
2025-12-15,0.0012261105974584075,-0.0015107978831542246
2025-12-16,-0.006541837267629391,-0.00273229759527871
2025-12-17,-0.0101821697005138,-0.011003620102041367
2025-12-18,0.005041327614891766,0.0075513325776148665
2025-12-19,0.012133599292164699,0.009063445479451815
2025-12-22,0.010969734479981463,0.006229892278320159
2025-12-23,0.006272948882613383,0.004570454818432879
2025-12-24,0.006537317912858287,0.0035176203055324873
2025-12-26,-0.0005313013694726587,-0.00010141503224314619
2025-12-29,-0.007369827448784072,-0.003563628207054803
2025-12-30,-0.0018295126826460063,-0.0012211007345822589
2025-12-31,-0.005242947545659715,-0.007408967373390696
2026-01-02,0.009575134076543302,0.0018330397334518356
2026-01-05,0.010765647316438842,0.006660113816063129
2026-01-06,0.007433372613676681,0.005947183373089304
2026-01-07,-0.005842670893228074,-0.0032233567922274053
2026-01-08,0.002722576572341684,-0.00010153268198576093
2026-01-09,0.0018829264885395713,0.006613342394092614
2026-01-12,-0.0014944173017248153,0.0015704538117717881
2026-01-13,-0.007626080646977462,-0.0019994751058702853
2026-01-14,-0.0034972854358948035,-0.0049152373416185835
2026-01-15,0.012812192801145362,0.0027232143965294497
2026-01-16,-0.007652380648087398,-0.0008378739908954103
2026-01-20,-0.011366101154081265,-0.020356785723545046
2026-01-21,0.008417333193050502,0.011541079202094462
2026-01-22,0.00987818341832536,0.005223230019727687
2026-01-23,-0.0045193880332490164,0.0003627802397405677
2026-01-26,0.007712797411921157,0.005078147060609828
2026-01-27,-0.012238013499039047,0.003984264729684606
2026-01-28,0.002027639004279891,-0.00010066990364987483
2026-01-29,0.005413691656149055,-0.0019843824489698125
2026-01-30,-0.002591347323770554,-0.0029825802604032114
2026-02-02,0.010414510921860997,0.004971362130935519
2026-02-03,-0.008388431081795922,-0.00845539643070059
2026-02-04,0.0020337329494060307,-0.004843921678897134
2026-02-05,-0.011149862757559326,-0.012489211256201727
2026-02-06,0.023081849176286483,0.019184711840951385
2026-02-09,0.0028166707433698313,0.004821832103010459
2026-02-10,-0.0051424731973225835,-0.002637160432080843
2026-02-11,-0.0036721622118740193,-0.00023105881441631837
2026-02-12,-0.018942407913232928,-0.0154488742279012
2026-02-13,-0.0019420282836983827,0.0007044854938154099
2026-02-17,0.003141481898374454,0.0016134664707250224
2026-02-18,0.009736443948923434,0.005037758541617032
2026-02-19,-0.007019557100210361,-0.0026374339404172664
2026-02-20,0.005765571630255806,0.007231864589122949
2026-02-23,-0.010512547006649475,-0.010211314710874664
2026-02-24,0.005486964230281133,0.00726845293039502
2026-02-25,0.011561311660502371,0.008438348943581309
2026-02-26,-0.00647293990864054,-0.005554476391621099
2026-02-27,-0.01871528359120006,-0.004801943258527341
2026-03-02,0.0025356937773246212,0.0005685787823312971
2026-03-03,-0.0037130527315138552,-0.00881433848279567
2026-03-04,0.004328710744965059,0.007055308353084655
2026-03-05,-0.015154130524743037,-0.005575546846393831
2026-03-06,-0.011617302143781705,-0.013107135070836495
2026-03-09,0.0071701129121107265,0.008760025013039074
2026-03-10,0.0028866190098653876,-0.0016071269053671289
2026-03-11,-0.0009544099880786416,-0.0012551629285171284
2026-03-12,-0.018884282059729397,-0.015184948869363502
2026-03-13,-0.009990499838832278,-0.005660109501006372
2026-03-16,0.009135524336335576,0.010176866111483163
2026-03-17,0.002381239685452885,0.00263055486997521
2026-03-18,-0.012650737336208417,-0.013953645387120184
2026-03-19,-0.002796624685646365,-0.0024643404851918405
2026-03-20,-0.006365205980502542,-0.01433577587250423
2026-03-23,0.0033248883735488622,0.01050001924493782
2026-03-24,-0.002266841541479403,-0.0033568497522664664
2026-03-25,0.00789088844073128,0.0055727589473859585
2026-03-26,-0.007332993638784679,-0.017858744158138706
2026-03-27,-0.019603308134909913,-0.017051883523327982
2026-03-30,0.005016730678979231,-0.0033434623831846144
2026-03-31,0.026084202113979195,0.02906792569891481
2026-04-01,0.00742753089780831,0.007534463782890022
2026-04-02,0.00137630523715796,0.0009004744280911581
2026-04-06,0.003807234391456005,0.004726797348638012
2026-04-07,0.004824656183810538,0.0004400741058487867
2026-04-08,0.020694230948449577,0.025469554638327674
2026-04-09,0.0017876287815414061,0.00576909117108837
2026-04-10,-0.006882421204558975,-0.0006617805145495703
2026-04-13,0.012008947188759455,0.009772397784351794
2026-04-14,0.00584526780008604,0.01218488075237012
2026-04-15,0.008353549907676238,0.007890994867038925
2026-04-16,-0.0026401068391805117,0.002457311622604319
2026-04-17,0.013169354965392576,0.012085685130224011
2026-04-20,-0.0037018752658712906,-0.001999667552905704
